race_id,series_id,race_season,race_name,race_type_id,restrictor_plate,track_id,track_name,date_scheduled,race_date,qualifying_date,tunein_date,scheduled_distance,actual_distance,scheduled_laps,actual_laps,stage_1_laps,stage_2_laps,stage_3_laps,number_of_cars_in_field,pole_winner_driver_id,pole_winner_speed,number_of_lead_changes,number_of_leaders,number_of_cautions,number_of_caution_laps,average_speed,total_race_time,margin_of_victory,race_purse,race_comments,attendance,radio_broadcaster,television_broadcaster,master_race_id,inspection_complete,playoff_round,is_qualifying_race,qualifying_race_no,qualifying_race_id,has_qualifying,winner_driver_id,pole_winner_laptime
4673,1,2018,Advance Auto Parts Clash,2,1,105,Daytona International Speedway,2018-02-11T15:00:00,2018-02-11T15:00:00,2018-02-11T00:00:00,,187.5,187.5,75,75,0,0,0,17,0,0.0,11,7,3,8,169.641,01:06:19,0.102,0,Brad Keselowski wins the season opening Clash at DAYTONA International Speedway,0,MRN,FS1,3222,,,,,,,,
4674,1,2018,Can-Am Duel 1,2,1,105,Daytona International Speedway,2018-02-15T19:00:00,2018-02-15T19:00:00,,,150.0,157.5,60,63,0,0,0,20,0,0.0,4,3,4,14,138.124,1:08:25,0.207,0,"Ryan Blaney won the Can-Am Duel #1 at Daytona International Speedway. Prior to the start of the race, the following cars dropped to the rear of the field under penalty: No. 38 (unapproved adjustments).",0,MRN,FS1,3217,,,,,,,,
4675,1,2018,Can-Am Duel 2,2,1,105,Daytona International Speedway,2018-02-15T19:00:00,2018-02-15T19:00:00,,,150.0,150.0,60,60,0,0,0,20,0,0.0,6,4,1,3,181.879,00:49:29,0.081,0,"Chase Elliott won the Can-Am Duel #2 at Daytona International Speedway. Prior to the start of the race, the following cars dropped to the rear of the field under penalty: Nos. 23, 32 (unapproved adjustments); No. 66 (missing drivers introduction).",0,MRN,FS1,3218,,,,,,,,
4676,1,2018,DAYTONA 500,1,1,105,Daytona International Speedway,2018-02-18T14:30:00,2018-02-18T14:30:00,2018-02-11T00:00:00,,500.0,517.5,200,207,60,60,87,40,4045,195.644,24,14,8,37,150.545,03:26:15,0.26,0,"Austin Dillon won the 60th running of the Daytona 500 at Daytona International Speedway, his second Monster Energy NASCAR Cup Series victory. Prior to the start of the race, the following cars dropped to the rear of the field under penalty: Nos. 2, 3, 10, 24, 32, 42, 48, 92 (backup cars).",0,MRN,FOX,385,,,,,,,,
4677,1,2018,Folds of Honor QuikTrip 500,1,1,111,Atlanta Motor Speedway,2018-02-25T13:00:00,2018-02-25T13:00:00,2018-02-23T00:00:00,,500.5,500.5,325,325,85,85,155,36,454,184.652,24,8,5,28,143.068,03:29:54,2.69,0,"Kevin Harvick won the Folds of Honor QuikTrip 500 at Atlanta Motor Speedway, his 38th Monster Energy NASCAR Cup Series victory. Prior to the green flag, the following car dropped to the rear of the field under penalty for the reason indicated: #3 (rear gear change).",0,PRN,FOX,3335,,,,,,,,
4678,1,2018,Pennzoil 400 presented by Jiffy Lube,1,1,42,Las Vegas Motor Speedway,2018-03-04T15:30:00,2018-03-04T15:30:00,2018-03-02T00:00:00,,400.5,400.5,267,267,80,80,107,37,4023,191.489,11,6,4,29,141.756,02:49:31,2.906,0,"Kevin Harvick won the Pennzoil 400 presented by Jiffy Lube at Las Vegas Motor Speedway, his 39th Monster Energy NASCAR Cup Series victory. Prior to the start of the race, the following cars dropped to the rear of the field under penalty for reasons indicated: #15, 48 (multiple inspection failures).",0,PRN,FOX,1824,,,,,,,,
4679,1,2018,TicketGuardian 500,1,1,84,ISM Raceway,2018-03-11T15:30:00,2018-03-11T15:30:00,2018-03-09T00:00:00,,312.0,312.0,312,312,75,75,162,37,3368,136.945,15,9,6,36,108.073,02:53:13,0.774,0,"Kevin Harvick won the TicketGuardian 500 at ISM Raceway, his 40th victory in the Monster Energy NASCAR Cup Series. Prior to the start of the race, the following cars dropped to the rear of the field under penalty for the reason indicated: #00, #17 (backup car), #96 (unapproved tire change).",0,MRN,FOX,2074,,,,,,,,
4680,1,2018,Auto Club 400,1,1,38,Auto Club Speedway,2018-03-18T15:30:00,2018-03-18T15:30:00,2018-03-16T00:00:00,,400.0,400.0,200,200,60,60,80,37,3368,186.567,16,7,5,21,147.526,02:42:41,11.685,0,"Martin Truex Jr. won the Auto Club 400 at Auto Club Speedway, his 16th Monster Energy NASCAR Cup Series victory. Prior to the start of the race, the following cars dropped to the rear of the field under penalty for reasons indicated: #23, 88 – engine, 19 – back up car and 34 – rear gear.",0,MRN,FOX,1804,,,,,,,,
4681,1,2018,STP 500,1,1,22,Martinsville Speedway,2018-03-25T14:00:00,2018-03-26T14:00:00,,,263.0,263.0,500,500,130,130,240,38,0,0.0,11,6,4,33,81.663,03:13:14,1.146,0,"Clint Bowyer won the STP 500 at Martinsville Speedway, his ninth Monster Energy NASCAR Cup Series victory. Prior to the start of the race, the following cars dropped to the rear of the field under penalty for the reasons indicated: No. 17 (backup car), No. 23 (failed inspection three times) and No. 34 (unapproved adjustments).",0,MRN,FS1,12,,,,,,,,
4682,1,2018,O'Reilly Auto Parts 500,1,1,43,Texas Motor Speedway,2018-04-08T14:00:00,2018-04-08T14:00:00,2018-04-06T00:00:00,,501.0,501.0,334,334,85,85,164,37,453,197.368,16,8,8,48,141.714,03:32:07,0.3,0,"Kyle Busch won the O'Reilly Auto Parts 500 at Texas Motor Speedway, his 44th Monster Energy NASCAR Cup Series victory. Prior to the start of the race, the following cars dropped to the rear of the field under penalty for the reasons indicated: #17 (backup car), #24 (engine change), #32 (transmissioon change) and #42 (failing pre-race inspection three times).",0,PRN,FS1,1795,,,,,,,,
4683,1,2018,Food City 500,1,1,14,Bristol Motor Speedway,2018-04-15T13:00:00,2018-04-16T13:00:00,2018-04-13T00:00:00,,266.5,266.5,500,500,125,125,250,39,454,128.822,18,8,13,114,67.587,03:26:25,0.628,0,"Kyle Busch won the Food City 500 at Bristol Motor Speedway, his 45th Monster Energy NASCAR Cup Series victory. Prior to the start of the race, the following cars dropped to the rear of the field under penalty for reasons indicated: #4- back-up car, 41 - back-up car and 48 - unapproved tire change.",0,PRN,FOX,588,,,,,,,,
4684,1,2018,TOYOTA OWNERS 400,1,1,26,Richmond Raceway,2018-04-21T18:30:00,2018-04-21T18:30:00,2018-04-20T00:00:00,,300.0,301.5,400,402,100,100,202,38,3368,123.859,16,7,6,46,96.215,03:08:01,0.511,0,"Kyle Busch won the Toyota Owners 400 at Richmond Raceway, his 46th Monster Energy NASCAR Cup Series victory. Prior to the start of the race, no cars dropped to the rear of the field.",0,MRN,FOX,1555,,,,,,,,
4685,1,2018,GEICO 500,1,1,82,Talladega Superspeedway,2018-04-29T14:00:00,2018-04-29T14:00:00,2018-04-28T00:00:00,,500.08,500.08,188,188,55,55,78,40,1416,194.448,25,16,6,29,152.489,03:16:46,0.127,0,"Joey Logano won the GEICO 500 at Talladega Superspeedway, his 19th Monster Energy NASCAR Cup Series victory. Prior to the start of the race, the following cars dropped to the rear of the field under penalty for the reasons indicated: No. 1, 13, 19 and 31 (backup car), No. 9 (unapproved tire change) and No. 10 (unapproved adjustments).",0,MRN,FOX,957,,,,,,,,
4690,1,2018,AAA 400 Drive for Autism,1,1,103,Dover International Speedway,2018-05-06T14:00:00,2018-05-06T14:00:00,2018-05-04T00:00:00,,400.0,400.0,400,400,120,120,160,38,4030,158.103,17,6,8,48,115.044,03:28:37,7.45,0,"Kevin Harvick won the AAA 400 Drive for Autism at Dover International Speedway, his 41st Monster Energy NASCAR Cup Series victory. Prior to the start of the race the following cars dropped to the rear of the field under penalty for reasons indicated: #72 - engine change, 3- unapproved adjustments, 88- failed pre-race inspection, 42- failed pre-race inspection.",0,MRN,FS1,922,,,,,,,,
4686,1,2018,KC Masterpiece 400,1,1,41,Kansas Speedway,2018-05-12T20:00:00,2018-05-12T20:00:00,2018-05-11T00:00:00,,400.5,400.5,267,267,80,80,107,38,1416,188.811,13,7,6,31,128.395,02:53:38,0.39,0,"Kevin Harvick won the KC Masterpiece 400 at Kansas Speedway, his 42nd Monster Energy NASCAR Cup Series victory. Prior to the start of the race, the following car dropped to the rear of the field for the reason indicated: No. 42 (unapproved tire change).",0,MRN,FS1,3884,,,,,,,,
4688,1,2018,Monster Energy Open,2,1,162,Charlotte Motor Speedway,2018-05-19T18:00:00,2018-05-19T18:00:00,2018-05-18T00:00:00,,75.0,75.0,50,50,0,0,0,21,0,0.0,7,6,2,2,98.72,00:45:35,0.327,0,"AJ Allmendinger won the Monster Energyy Open at Charlotte Motor Speedway. his first victory in the Monster Energy NASCAR Cup Series non-points event. Prior to the start of the race, no cars dropped to the rear of the field. Stage 1 Winner: Alex Bowman; Stage 2 Winner: Daniel Suarez.",0,MRN,FS1,3690,,,,,,,,
4687,1,2018,Monster Energy NASCAR All-Star Race,2,1,162,Charlotte Motor Speedway,2018-05-19T20:00:00,2018-05-19T20:00:00,2018-05-18T00:00:00,,105.0,139.5,70,93,0,0,0,21,1810,126.915,12,7,8,21,84.688,01:38:50,0.325,0,"Kevin Harvick won the Monster Energy NASCAR All-Star Race at Charlotte Motor Speedway, his second victory in the Monster Energy NASCAR Cup Series non-points event. Prior to the start of the race, the following cars dropped to the rear of the field for the reasons indicated: #1 (engine change).",0,MRN,FS1,3670,,,,,,,,
4689,1,2018,Coca-Cola 600,1,1,162,Charlotte Motor Speedway,2018-05-27T18:00:00,2018-05-27T18:00:00,2018-05-24T00:00:00,,600.0,600.0,400,400,100,100,200,40,454,191.836,9,4,11,54,136.692,04:23:22,3.823,0,"Kyle Busch won the Coca-Cola 600 at Charlotte Motor Speedway, his 47th Monster Energy NASCAR Cup Series victory. Prior to the start of the race, the following cars dropped to the rear of the field for the reasons indicated: #00- inspection failure, 43- Unapproved adjustments.",0,PRN,FOX,447,,,,,,,,
4691,1,2018,Pocono 400,1,1,198,Pocono Raceway,2018-06-03T14:00:00,2018-06-03T14:00:00,2018-06-01T00:00:00,,400.0,400.0,160,160,50,50,60,38,4023,176.897,11,7,6,23,139.535,02:52:00,2.496,0,"Martin Truex Jr. won the 37th Annual Pocono 400, his 17th victory in 455 Monster Energy NASCAR Cup Series races. No cars dropped to the rear of the field prior to the start of the race.",0,MRN,FS1,1358,,,,,,,,
4692,1,2018,FireKeepers Casino 400,1,1,133,Michigan International Speedway,2018-06-10T14:00:00,2018-06-10T14:00:00,2018-06-08T00:00:00,,400.0,266.0,200,133,60,60,13,39,453,203.361,9,7,8,30,132.723,02:00:15,Caution,0,"Clint Bowyer won the FireKeepers Casino 400 at Michigan International Speedway, his 10th victory in the Monster Energy NASCAR Cup Series. Prior to the start of the race, the following car(s) dropped to the rear of the field under penalty for the reasons indicated: Nos. 11, 18, 20 (Inspection Failure).",0,MRN,FOX,917,,,,,,,,
4693,1,2018,Toyota / Save Mart 350,1,1,99,Sonoma Raceway,2018-06-24T15:00:00,2018-06-24T15:00:00,2018-06-23T00:00:00,,218.9,218.9,110,110,25,25,60,38,4030,94.597,11,7,3,8,82.882,02:38:28,10.513,0,"Martin Truex Jr. won the Toyota/Save Mart 350 at Sonoma Raceway, his 18th victory in the Monster Energy NASCAR Cup Series. Prior to the start of the race, the following car dropped to the rear of the field under penalty for the reason indicated: No. 51 (unapproved adjustments).",0,PRN,FS1,1563,,,,,,,,
4704,1,2018,Overton’s 400,1,1,39,Chicagoland Speedway,2018-07-01T14:30:00,2018-07-01T14:30:00,2018-06-30T00:00:00,,400.5,400.5,267,267,80,80,107,39,2225,180.012,24,10,5,23,140.636,02:50:52,1.875,0,"Kyle Busch won the Overton's 400 at Chicagoland Speedway, his 48th victory in the Monster Energy NASCAR Cup Series. Prior to the start of the race, the following cars dropped to the rear of the field under penalty for the reasons indicated: Nos. 7, 17, 66, 19 (unapproved adjustments).",0,MRN,NBCSN,1976,,,,,,,,
4694,1,2018,Coke Zero Sugar 400,1,1,105,Daytona International Speedway,2018-07-07T19:00:00,2018-07-07T19:00:00,2018-07-06T00:00:00,,400.0,420.0,160,168,40,40,88,40,4062,194.045,25,16,10,46,130.435,03:13:12,0.125,0,"Erik Jones won the 60th running of the Coke Zero Sugar 400 at Daytona International Speedway, his first Monster Energy NASCAR Cup Series victory. Prior to the start of the race, the following cars dropped to the rear of the field under penalty: Nos. 19, 99, 95, 38 (Unapproved adjustments).",0,MRN,NBC,408,,,,,,,,
4695,1,2018,Quaker State 400,1,1,61,Kentucky Speedway,2018-07-14T19:30:00,2018-07-14T19:30:00,2018-07-13T00:00:00,,400.5,400.5,267,267,80,80,107,39,3368,188.89,14,7,4,22,150.454,02:39:43,1.901,0,"Martin Truex Jr. won the Quaker State 400 presented by Walmart at Kentucky Speedway, his 19th victory in the Monster Energy NASCAR Cup Series. Prior to the start of the race, the following cars dropped to the rear of the field under penalty for the reason indicated: No. 42 (missed driver introductions).",0,PRN,NBCSN,3889,,,,,,,,
4696,1,2018,Foxwoods Resort Casino 301,1,1,138,New Hampshire Motor Speedway,2018-07-22T13:00:00,2018-07-22T13:00:00,2018-07-20T00:00:00,,318.46,318.458,301,301,80,80,141,37,453,133.591,10,7,7,31,110.49,02:52:56,1.877,0,"Kevin Harvick won the 26th Annual Foxwoods Resort Casino 301 at New Hampshire Motor Speedway, his 43rd victory in the Monster Energy NASCAR Cup Series. Prior to the start of the race, the following cars dropped to the rear of the field under penalty for the reasons indicated: Nos. 00, 34 (back-up cars).",0,PRN,NBCSN,1683,,,,,,,,
4698,1,2018,Gander Outdoors 400,1,1,198,Pocono Raceway,2018-07-29T14:30:00,2018-07-29T14:30:00,2018-07-28T00:00:00,,400.0,410.0,160,164,50,50,64,40,4113,176.988,13,10,7,29,132.46,03:05:43,1.788,0,"Kyle Busch won the 45th annual Gander Outdoors 400 at Pocono Raceway, his 49th victory in the Monster Energy NASCAR Cup Series. Prior to the start of the race, the following cars dropped to the rear of the field under penalty for the reasons indicated: No. 95 (engine change), 15 (driver change) and 23 (unapproved adjustments).",0,MRN,NBCSN,1122,,,,,,,,
4699,1,2018,Go Bowling at The Glen,1,1,157,Watkins Glen International,2018-08-05T15:00:00,2018-08-05T15:00:00,2018-08-04T00:00:00,,220.5,220.5,90,90,20,20,50,37,1361,125.534,9,5,4,11,98.928,02:13:44,7.56,0,"Chase Elliott won the 33rd annual Go Bowling at The Glen, his first Monster Energy NASCAR Cup Series victory. Prior to the start of the race, the following cars dropped to the rear of the field for the reasons indicated: 13 & 00 (unapproved adjustments).",0,MRN,NBC,1482,,,,,,,,
4700,1,2018,Consumers Energy 400,1,1,133,Michigan International Speedway,2018-08-12T14:30:00,2018-08-12T14:30:00,2018-08-10T00:00:00,,400.0,400.0,200,200,60,60,80,40,1361,202.794,15,9,8,37,140.474,02:50:51,3.233,0,"Kevin Harvick won the 49th annual Corrigan Oil 200 at Michigan International Speedway, his 44th victory in the Monster Energy NASCAR Cup Series. Prior to the start of the race, the following cars dropped to the rear of the field under penalty for the reasons indicated: Nos. 15 (driver change), 23, 38 (transmission change), 22 (unapproved adjustments).",0,MRN,NBCSN,930,,,,,,,,
4701,1,2018,Bass Pro Shops NRA Night Race,1,1,14,Bristol Motor Speedway,2018-08-18T18:30:00,2018-08-18T18:30:00,2018-08-17T00:00:00,,266.5,266.5,500,500,125,125,250,40,4030,127.792,19,9,9,70,89.538,02:58:35,0.367,0,"Kurt Busch won the 58th annual Bass Pro Shops NRA Night Race 500 at Bristol Motor Speedway, his 30th victory in the Monster Energy NASCAR Cup Series. Prior to the start of the race, the following cars dropped to the rear of the field under penalty for the reasons indicated: Nos. 3 (failed pre-race inspection).",0,PRN,NBCSN,612,,,,,,,,
4702,1,2018,Bojangles' Southern 500,1,1,4,Darlington Raceway,2018-09-02T18:00:00,2018-09-02T18:00:00,2018-09-01T00:00:00,,501.32,501.322,367,367,100,100,167,40,1361,173.571,7,5,6,35,131.408,03:48:54,1.224,0,"Brad Keselowski won the 69th Bojangles' Southern 500 at Darlington Raceway, his 25th victory in the Monster Energy NASCAR Cup Series. Prior to the start of the race, the following cars dropped to the rear of the field under penalty for the reasons indicated: Nos. 1 and 23 (engine changes), Nos. 96 and 48 (unapproved adjustments).",0,MRN,NBCSN,442,,,,,,,,
4697,1,2018,Big Machine Vodka 400 at the Brickyard,1,1,123,Indianapolis Motor Speedway,2018-09-10T14:00:00,2018-09-10T14:00:00,,,400.0,400.0,160,160,50,50,60,40,0,0.0,14,9,10,39,128.629,03:06:35,0.904,0,"Brad Keselowski won the Big Machine Vodka 400 at Indianapolis Motor Speedway, his 27th victory in the Monster Energy NASCAR Cup Series. Prior to the start of the race, the following cars dropped to the rear of the field under penalty for the reasons indicated: No. 78 and 19 (inspection infraction), No. 00 and 51 (unapproved adjustments) and No. 95 (pitting before green).",0,IMS,NBCSN,1716,,,,,,,,
4705,1,2018,South Point 400,1,1,42,Las Vegas Motor Speedway,2018-09-16T15:00:00,2018-09-16T15:00:00,2018-09-14T00:00:00,,400.0,408.0,267,272,80,80,112,40,4059,188.121,23,9,12,59,111.849,03:28:15,1.276,0,"Brad Keselowski won the Inaugural South Point 400 at Las Vegas Motor Speedway, his 27th victory in the Monster Energy NASCAR Cup Series. Prior to the start of the race, the following cars dropped to the rear of the field under penalty for the reasons indicated: Update on cars to the rear: No. 51 (rear gear change), No. 3 (unapproved body modification).",0,PRN,NBCSN,4705,,,,,,,,
4703,1,2018,Federated Auto Parts 400,1,1,26,Richmond Raceway,2018-09-22T19:30:00,2018-09-22T19:30:00,2018-09-21T00:00:00,,300.0,300.0,400,400,100,100,200,40,1416,121.88,16,8,3,23,103.152,02:54:30,0.777,0,"Kyle Busch won the 61st Annual Federated Auto Parts 400, his 50th victory in 490 NASCAR Monster Energy Cup Series races.",0,MRN,NBCSN,1544,,,,,,,,
4707,1,2018,Bank of America ROVAL 400,1,1,210,Charlotte Motor Speedway Road Course,2018-09-30T14:00:00,2018-09-30T14:00:00,2018-09-28T00:00:00,,248.52,248.52,109,109,25,25,59,40,453,106.868,10,8,8,16,82.125,03:01:34,0.792,0,"Ryan Blaney won the inaugural Bank of America ROVAL 400 at the Charlotte Motor Speedway Road Course, his second victory in the Monster Energy NASCAR Cup Series. Prior to the start of the race, the following cars dropped to the rear of the field under penalty for the reasons indicated: Nos. 11, 2, 20, 43 (Back-up car), 95 (engine change).",0,PRN,NBC,4707,,,,,,,,
4706,1,2018,Gander Outdoors 400,1,1,103,Dover International Speedway,2018-10-07T14:00:00,2018-10-07T14:00:00,2018-10-05T00:00:00,,400.0,404.0,400,404,120,120,164,39,0,0.0,15,8,5,31,122.404,03:18:02,0.265,0,"Chase Elliott won the Gander Outdoors 400 at Dover International Speedway, his second victory in the Monster Energy NASCAR Cup Series. Prior to the start of the race, the following cars dropped to the rear of the field under penalty for the reasons indicated: No. 43 (failed pre- race inspection).",0,MRN,NBCSN,1038,,,,,,,,
4708,1,2018,1000Bulbs.com 500,1,1,82,Talladega Superspeedway,2018-10-14T14:00:00,2018-10-14T14:00:00,2018-10-13T00:00:00,,500.08,513.38,188,193,55,55,83,40,453,195.804,15,11,8,32,153.707,03:20:24,0.105,0,"Aric Almirola won the 50th 1000Bulbs.com 500 at Talladega Superspeedway, his second victory in the Monster Energy NASCAR Cup Series. Prior to the start of the race, the following cars dropped to the rear of the field under penalty for the reasons indicated: Nos. 00, 42 (unapproved adjustments).",0,MRN,NBC,937,,,,,,,,
4709,1,2018,Hollywood Casino 400,1,1,41,Kansas Speedway,2018-10-21T14:30:00,2018-10-21T14:30:00,2018-10-19T00:00:00,,400.5,400.5,267,267,80,80,107,40,3859,191.646,11,8,3,17,152.057,02:38:02,0.903,0,"Chase Elliott won the Hollywood Casino 400 at the Kansas Speedway, his third victory in the Monster Energy NASCAR Cup Series. Prior to the start of the race, the following cars dropped to the rear of the field under penalty for the reasons indicated: Nos. 1, 66 (engine change), 42 (backup car).",0,MRN,NBC,1950,,,,,,,,
4710,1,2018,First Data 500,1,1,22,Martinsville Speedway,2018-10-28T14:30:00,2018-10-28T14:30:00,2018-10-27T00:00:00,,263.0,263.0,500,500,130,30,340,40,454,96.254,11,6,8,68,75.31,03:29:32,0.107,0,"Joey Logano won the First Data 500 at Martinsville Speedway, his 20th victory in the Monster Energy NASCAR Cup Series. Prior to the start of the race, the following cars dropped to the rear of the field under penalty for the reasons indicated: Nos. 2, 99 (unapproved adjustments), 21 (engine change), 43 (backup car).",0,MRN,NBCSN,6,,,,,,,,
4711,1,2018,AAA Texas 500,1,1,43,Texas Motor Speedway,2018-11-04T15:00:00,2018-11-04T15:00:00,2018-11-02T00:00:00,,501.0,505.5,334,337,85,85,167,40,4023,200.505,16,7,8,37,150.558,03:21:27,0.447,0,"Kevin Harvick won the AAA Texas 500 at Texas Motor Speedway, his 45th victory in the Monster Energy NASCAR Cup Series. Prior to the start of the race, the following cars dropped to the rear of the field under penalty for the reasons indicated: Nos. 19, 37, 78 (engine change), 32 (transmission change), 24, 48 (failed pre-race inspection) and 10 (unapproved body modification).",0,PRN,NBCSN,2100,,,,,,,,
4712,1,2018,Can-Am 500,1,1,84,ISM Raceway,2018-11-11T14:30:00,2018-11-11T14:30:00,2018-11-09T00:00:00,,312.0,312.0,312,312,75,75,162,39,1416,139.34,15,8,10,61,98.354,03:10:20,0.501,0,"Kyle Busch won the Can-Am 500 at ISM Raceway, his 51st victory in the Monster Energy NASCAR Cup Series. Prior to the start of the race, the following cars dropped to the rear under penalty for the reason indicated: Nos. 21, 51 (backup car).",0,MRN,NBC,1550,,,,,,,,
4713,1,2018,Ford EcoBoost 400,1,1,40,Homestead-Miami Speedway,2018-11-18T15:00:00,2018-11-18T15:00:00,2018-11-16T00:00:00,,400.5,400.5,267,267,80,80,107,39,1361,173.863,22,7,5,26,133.056,03:00:36,1.725,0,"Joey Logano won the Ford EcoBoost 400 at Homestead-Miami Speedway, his 21st Monster Energy NASCAR Cup Series victory. Prior to the start of the race, no cars dropped to the rear of the field under penalty.",0,MRN,NBC,1887,,,,,,,,
4714,2,2018,PowerShares QQQ 300,1,1,105,Daytona International Speedway,2018-02-17T14:30:00,2018-02-17T14:30:00,2018-02-17T00:00:00,,300.0,357.5,120,143,30,30,83,40,4093,189.31,19,11,12,49,119.1,03:00:06,0,0,"Tyler Reddick won the PowerShares QQQ 300 at Daytona International Speedway, his second NASCAR Xfinity Series win. Prior to the start of the race, the following trucks dropped to the rear of the field under penalty: Nos. 22, 40 (unapproved adjustments); No. 01 (engines change).",0,MRN,FS1,2131,,,,,,,,
4715,2,2018,Rinnai 250,1,1,111,Atlanta Motor Speedway,2018-02-24T14:00:00,2018-02-24T14:00:00,2018-02-24T00:00:00,,300.3,251.02,163,163,40,40,83,40,4153,181.176,9,3,4,21,129.67,01:56:09,4.183,0,"Kevin Harvick won the Rinnai 250 at Atlanta Motor Speedway, his 47th NASCAR XFINITY Series victory. Prior to the green flag, the following cars dropped to the rear of the field under penalty for the reasons indicated: #23 and 89 (unapproved adjustments), #39 (tire change and missed driver intros).",0,PRN,FS1,2432,,,,,,,,
4716,2,2018,Boyd Gaming 300,1,1,42,Las Vegas Motor Speedway,2018-03-03T16:00:00,2018-03-03T16:00:00,2018-03-03T00:00:00,,300.0,300.0,200,200,45,45,110,40,4153,183.686,10,6,6,29,131.884,02:16:29,0.881,0,"Kyle Larson won the Boyd Gaming 300 at Las Vegas Motor Speedway, his ninth NASCAR Xfinity Series victory. Prior to the start of the race, no cars dropped to the rear of the field under penalty.",0,PRN,FS1,2573,,,,,,,,
4717,2,2018,DC Solar 200,1,1,84,ISM Raceway,2018-03-10T16:00:00,2018-03-10T16:00:00,2018-03-10T00:00:00,,200.0,200.0,200,200,45,45,110,40,34,133.849,10,6,4,24,103.019,01:56:29,0.53,0,"Brad Keselowski won the DC Solar 200 at ISM Raceway, his 37th victory in the NASCAR Xfinity Series. Prior to the start of the race, the following cars dropped to the rear of the field under penalty for the reason indicated: #1 (engine change), #9 (backup car), #00 (unapproved adjustments).",0,MRN,FOX,2837,,,,,,,,
4718,2,2018,Roseanne 300,1,1,38,Auto Club Speedway,2018-03-17T17:00:00,2018-03-17T17:00:00,2018-03-17T00:00:00,,300.0,300.0,150,150,35,35,80,40,4153,181.059,6,5,7,32,127.283,02:21:25,1.429,0,"Joey Logano won the Roseanne 300 at Auto Club Speedway, his 29th NASCAR Xfinity Series victory. Prior to the start of the race, the following cars dropped to the rear of the field under penalty for reasons indicated: #28 (Backup car).",0,MRN,FS1,2596,,,,,,,,
4719,2,2018,My Bariatric Solutions 300,1,1,43,Texas Motor Speedway,2018-04-07T15:00:00,2018-04-07T15:00:00,2018-04-07T00:00:00,,300.0,300.0,200,200,45,45,110,40,4023,189.88,11,9,8,42,124.986,02:24:01,2.327,0,"Ryan Blaney won the My Bariatric Solutions 300 at Texas Motor Speedway, his seventh NASCAR XFINITY Series victory. Prior to the start of the race, the following car dropped to the rear of the field under penalty for the reason indicated: #23 (unapproved adjustements).",0,PRN,FOX,2576,,,,,,,,
4720,2,2018,Fitzgerald Glider Kits 300,1,1,14,Bristol Motor Speedway,2018-04-14T13:00:00,2018-04-14T13:00:00,2018-04-14T00:00:00,,159.9,159.9,300,300,85,85,130,40,4104,127.157,13,8,12,93,67.857,02:21:57,Caution,0,"Ryan Preece won the Fitzgerald Glider Kits 300 at Bristol Motor Speedway, his second NASCAR Xfinity Series victory. Prior to the start of the race, the following cars dropped to the rear of the field under penalty for the reasons indicated: #78 (back up car), #39 (back up car/driver change), #38 (driver change) and #5 (unapproved adjustments).",0,PRN,FS1,2133,,,,,,,,
4721,2,2018,ToyotaCare 250,1,1,26,Richmond Raceway,2018-04-20T19:00:00,2018-04-20T19:00:00,2018-04-20T00:00:00,,187.5,187.5,250,250,75,75,100,40,4104,121.332,9,6,5,39,93.284,02:00:36,0.423,0,"Christopher Bell won the ToyotaCare 250 at Richmond Raceway, his second NASCAR Xfinity Series victory. Prior to the start of the race, the following cars dropped to the rear of the field under penalty for reasons indicated: #22 and 74 (unapproved adjustments).",0,MRN,FS1,2368,,,,,,,,
4722,2,2018,Sparks Energy 300,1,1,82,Talladega Superspeedway,2018-04-28T15:00:00,2018-04-28T15:00:00,2018-04-28T00:00:00,,300.58,305.9,113,115,25,25,65,40,4093,189.402,12,11,5,29,133.258,02:17:44,0.152,0,"Spencer Gallagher won the Sparks Energy 300 at Talladega Superspeedway, his first NASCAR XFINITY Series victory. Prior to the start of the race, the following cars dropped to the rear of the field for the reasons indicated: No. 1 (engine change) and No. 35 and 45 (unapproved adjustments).",0,MRN,FOX,2447,,,,,,,,
4724,2,2018,OneMain Financial 200,1,1,103,Dover International Speedway,2018-05-05T12:30:00,2018-05-05T12:30:00,2018-05-05T00:00:00,,200.0,200.0,200,200,45,45,110,40,4085,155.831,11,7,8,45,98.053,02:02:23,0.306,0,"Justin Allgaier won the OneMain Financial 200 at Dover International Speedway, his 6th NASCAR Xfinity Series victory. Prior to the start of the race the following cars dropped to the rear of the field under penalty for reasons indicated: #76 - unapproved adjustments and #42- Back-up car.",0,MRN,FS1,2141,,,,,,,,
4723,2,2018,Alsco 300,1,1,162,Charlotte Motor Speedway,2018-05-26T13:00:00,2018-05-26T13:00:00,2018-05-26T00:00:00,,300.0,306.0,200,204,45,45,114,40,1816,184.382,12,6,13,59,108.596,02:49:04,Caution,0,"Brad Keselowski won the ALSCO 300 at Charlotte Motor Speedway, his 38th NASCAR Xfinity Series victory. Prior to the start of the race, the following cars dropped to the rear of the field for the reasons indicated: #38- missed drivers meeting, 01- Back up car.",0,PRN,FS1,2143,,,,,,,,
4725,2,2018,Pocono Green 250 Recycled by J.P. Mascaro & Sons,1,1,198,Pocono Raceway,2018-06-02T13:00:00,2018-06-02T13:00:00,2018-06-02T00:00:00,,250.0,250.0,100,100,25,25,50,40,4104,161.423,7,6,5,18,127.137,01:57:59,2.852,0,"Kyle Busch won the 3rd Annual Pocono Green 250 Recycled by JP Mascaro & Sons, his 92nd victory in 342 NASCAR XFINITY Series races. Prior to the start of the race the following car moved to the rear of the field for the reason indicated: 36 (unapproved adjustments).",0,MRN,FS1,4532,,,,,,,,
4726,2,2018,LTi Printing 250,1,1,133,Michigan International Speedway,2018-06-09T16:45:00,2018-06-09T16:45:00,,,250.0,182.0,125,91,30,30,31,40,0,0.0,14,9,10,37,103.067,01:45:57,Caution,0,"Austin Dillon won the LTi Printing 250 at Michigan International Speedway, his ninth victory in the NASCAR Xfinity Series. Prior to the start of the race, the following car(s) dropped to the rear of the field under penalty for the reasons indicated: Nos. 7 (unapproved adjustments) and 40 (engine change).",0,MRN,FS2,2450,,,,,,,,
4727,2,2018,Iowa 250 presented by Enogen,1,1,206,Iowa Speedway,2018-06-17T17:00:00,2018-06-17T17:00:00,2018-06-17T00:00:00,,218.75,218.75,250,250,60,60,130,40,4180,131.409,13,5,5,31,102.1,02:08:33,0.745,0,"Justin Allgaier won the Iowa 250 presented by Enogen at Iowa Speedway, his seventh NASCAR Xfinity Series victory. Prior to the green flag, the following cars dropped to the rear of the field under penalty for the reason indicated: Nos. 4, 2 (unapproved adjustments), Nos. 15, 76 (unapproved tire change).",0,MRN,FS1,3961,,,,,,,,
4739,2,2018,Overton’s 300,1,1,39,Chicagoland Speedway,2018-06-30T15:30:00,2018-06-30T15:30:00,2018-06-30T00:00:00,,300.0,300.0,200,200,45,45,110,40,4030,173.796,13,7,4,21,134.764,02:13:34,8.03,0,"Kyle Larson won the Overton's 300 at Chicagoland Speedway, his 10th victory in the NASCAR Xfinity Series. Prior to the start of the race, the following cars dropped to the rear of the field under penalty for the reasons indicated: Nos. 42, 00, 01 (unapproved tire change) and 4 (unapproved adjustments).",0,MRN,NBCSN,2712,,,,,,,,
4728,2,2018,Coca-Cola Firecracker 250,1,1,105,Daytona International Speedway,2018-07-06T19:30:00,2018-07-06T19:30:00,,,250.0,262.5,100,105,30,30,45,40,0,0.0,10,5,6,29,129.541,02:01:35,0.005,0,"Kyle Larson won the 17th running of the Coca-Cola Firecracker 250 at Daytona International Speedway, his eleventh NASCAR Xfinity Series victory. Prior to the start of the race, the following cars dropped to the rear of the field under penalty: Nos. 45 (engine change), 16, 51, 55 (unapproved adjustments), 38 (missed driver's meeting).",0,MRN,NBCSN,2744,,,,,,,,
4729,2,2018,Alsco 300,1,1,61,Kentucky Speedway,2018-07-13T20:00:00,2018-07-13T20:00:00,2018-07-13T00:00:00,,300.0,300.0,200,200,45,45,110,40,4104,181.458,8,7,7,32,131.884,02:16:29,0.848,0,"Christopher Bell won the Alsco 300 at Kentucky Speedway, his third victory in the NASCAR Xfinity Series. Prior to the start of the race, the following cars dropped to the rear of the field under penalty for the reasons indicated: No. 20 (unapproved tire change), and No. 36 and 74 (unapproved adjustments).",0,PRN,NBCSN,2709,,,,,,,,
4730,2,2018,Lakes Region 200,1,1,138,New Hampshire Motor Speedway,2018-07-21T16:00:00,2018-07-21T16:00:00,2018-07-21T00:00:00,,211.6,211.6,200,200,45,45,110,40,1816,130.296,13,5,7,33,99.616,02:07:27,0.416,0,"Christopher Bell won the Lakes Region 200 at New Hampshire Motor Speedway, his fourth victory in the NASCAR Xfinity Series. Prior to the start of the race, the following cars dropped to the rear of the field under penalty for the reasons indicated: Nos. 15, 22 (late to driver/crew chief meeting) and No. 16 (unapproved adjustment).",0,PRN,NBCSN,2395,,,,,,,,
4732,2,2018,U.S. Cellular 250 presented by The Rasmussen Group,1,1,206,Iowa Speedway,2018-07-28T17:00:00,2018-07-28T17:00:00,2018-07-28T00:00:00,,218.75,224.875,250,257,60,60,137,40,2878,133.61,12,7,6,41,97.772,02:18:00,0.421,0,"Christopher Bell won the U.S. Cellular 250 Presented by American Ethanol at Iowa Speedway, his fifth NASCAR Xfinity Series victory. Prior to the green flag, the following cars dropped to the rear of the field under penalty for the reason indicated: No. 45 (unapproved adjustments).",0,MRN,NBCSN,3713,,,,,,,,
4733,2,2018,Zippo 200 at The Glen,1,1,157,Watkins Glen International,2018-08-04T15:00:00,2018-08-04T15:00:00,2018-08-04T00:00:00,,200.9,200.9,82,82,20,20,42,40,3859,122.995,13,7,7,20,81.685,02:27:34,3.362,0,"Joey Logano won the 24th annual Zippo 200 at The Glen, his 30th victory in the NASCAR Xfinity Series. Prior to the start of the race, the following cars dropped to the rear of the field under penalty for the reasons indicated: Nos. 01, 9 (tire change), 60 (back-up car), 8, 19, 36, 39, 45, 61, 76, and 90 (unapproved adjustments).",0,MRN,NBC,2530,,,,,,,,
4734,2,2018,Rock N Roll Tequila 170 Presented by Amethyst Beverage,1,1,72,Mid-Ohio Sports Car Course,2018-08-11T15:00:00,2018-08-11T15:00:00,2018-08-11T00:00:00,,169.35,180.0,75,75,20,20,35,40,4180,96.386,7,4,6,18,73.312,02:18:36,2.095,0,"Justin Allgaier won the 6th annual Rock N Roll Tequilla 170 at Mid-Ohio Sports Car Course, his eighth NASCAR Xfinity Series victory. Prior to the green flag, the following cars dropped to the rear of the field under penalty for the reason indicated: No. 0, 01, 36, 45 (unapproved adjustments).",0,MRN,NBCSN,4229,,,,,,,,
4735,2,2018,Food City 300,1,1,14,Bristol Motor Speedway,2018-08-17T19:15:00,2018-08-17T19:15:00,2018-08-17T00:00:00,,159.9,165.23,300,310,85,85,140,40,454,124.686,12,7,8,59,82.306,02:00:27,0.434,0,"Kyle Larson won the 37th annual Food City 300 at Bristol Motor Speedway, his 12th victory in the NASCAR Xfinity Series. Prior to the start of the race, the following cars dropped to the rear of the field under penalty for the reasons indicated: Nos. 93 (missing drivers meeting), 8 (tire change), 5, 45 (unapproved adjustments).",0,PRN,NBCSN,2153,,,,,,,,
4736,2,2018,Johnsonville 180,1,1,34,Road America,2018-08-25T15:00:00,2018-08-25T15:00:00,2018-08-25T00:00:00,,182.16,182.16,45,45,10,10,25,40,4131,109.307,10,7,7,10,75.926,02:23:57,5.403,0,"Justin Allgaier won the ninth annual Johnsonville 180 at Road America, his ninth victory in the NASCAR Xfinity Series. Prior to the start of the race, the following cars dropped to the rear of the field under penalty for the reasons indicated: No. 0 (unapproved adjustments) and Nos. 22, 61, 66  (unapproved tire change)",0,MRN,NBCSN,3793,,,,,,,,
4737,2,2018,Sport Clips Haircuts VFW 200,1,1,4,Darlington Raceway,2018-09-01T15:30:00,2018-09-01T15:30:00,2018-09-01T00:00:00,,200.8,200.802,147,147,45,45,57,40,4001,169.531,10,5,6,30,111.179,01:48:22,0.738,0,"Brad Keselowski won the 36th Annual Sport Clips Haircuts VFW 200 at Darlington Raceway, his 39th victory in the NASCAR Xfinity Series. Prior to the start of the race, the following cars dropped to the rear of the field under penalty for the reasons indicated: No. 0 (backup), No. 19 (inspection failure), No. 23 (tire change), No. 45 (unapproved adjustments - engine).",0,MRN,NBC,2200,,,,,,,,
4731,2,2018,Lilly Diabetes 250,1,1,123,Indianapolis Motor Speedway,2018-09-10T10:00:00,2018-09-10T10:00:00,,,250.0,250.0,100,100,30,30,40,40,0,0.0,14,9,7,31,112.038,02:13:53,0.092,0,"Justin Allgaier won the Lilly Diabetes 250 at Indianapolis Motor Speedway, his 10th victory in the NASCAR Xfinity Series. Prior to the start of the race, the following cars dropped to the rear of the field under penalty for the reasons indicated: No. 40 (unapproved adjustments) and No. 90 (pitting before the green).",0,IMS,NBCSN,4074,,,,,,,,
4740,2,2018,DC Solar 300,1,1,42,Las Vegas Motor Speedway,2018-09-15T17:00:00,2018-09-15T17:00:00,2018-09-15T00:00:00,,300.0,300.0,200,200,45,45,110,40,4104,179.295,11,4,8,40,119.258,02:30:56,1.629,0,"Ross Chastain won the Inaugural DC Solar 300 at Las Vegas Motor Speedway, his first victory in the NASCAR Xfinity Series. Prior to the start of the race, the following cars dropped to the rear of the field under penalty for the reasons indicated: No. 0 (backup car), No. 2 (failed inspection three times).",0,PRN,NBCSN,4082,,,,,,,,
4738,2,2018,Go Bowling 250,1,1,26,Richmond Raceway,2018-09-21T19:30:00,2018-09-21T19:30:00,2018-09-21T00:00:00,,187.5,187.5,250,250,75,75,100,40,4153,118.99,11,5,5,40,91.352,02:03:09,0.566,0,"Christopher Bell won the 38th Annual Go Bowling 250, his sixth victory in 35 NASCAR Xfinity Series races. Prior to the start of the race, the following cars dropped to rear under penalty for the reasons indicated: Nos. 16, 42 (unapproved adjustments).",0,MRN,NBCSN,2332,,,,,,,,
4742,2,2018,Drive for the Cure 200 presented by Blue Cross Blue Shield of North Carolina,1,1,210,Charlotte Motor Speedway Road Course,2018-09-29T15:00:00,2018-09-29T15:00:00,2018-09-29T00:00:00,,125.4,0.0,55,55,15,15,25,40,4180,105.527,4,4,5,10,81.267,01:32:35,1.478,0,"Chase Briscoe won the Drive For The Cure 200 presented by Blue Cross Blue Shield of North Carolina at the Charlotte Motor Speedway Road Course, his first victory in the NASCAR Xfinity Series. Prior to the start of the race, the following cars dropped to the rear of the field under penalty for the reasons indicated: Nos. 23, 38 (Back-up car); No. 11 (unapproved adjustments).",0,PRN,NBCSN,4742,,,,,,,,
4741,2,2018,Bar Harbor 200 presented by Sea Watch International,1,1,103,Dover International Speedway,2018-10-06T15:00:00,2018-10-06T15:00:00,2018-10-06T00:00:00,,200.0,200.0,200,200,45,45,110,40,4093,158.249,10,6,4,23,116.845,01:42:42,0.525,0,"Christopher Bell won the Bar Harbor 200 at Dover International Speedway, his seventh victory in the NASCAR Xfinity Series. Prior to the start of the race, the following cars dropped to the rear of the field under penalty for the reasons indicated: Nos. 74 (engine change), 01, 15 (unapproved adjustments).",0,MRN,NBCSN,2275,,,,,,,,
4743,2,2018,Kansas Lottery 300,1,1,41,Kansas Speedway,2018-10-20T15:00:00,2018-10-20T15:00:00,2018-10-20T00:00:00,,300.0,300.0,200,200,45,45,110,40,4093,183.955,10,6,7,41,118.995,02:31:16,5.2,0,"John Hunter Nemechek won the Kansas Lottery 300 at the Kansas Speedway, his first victory in the NASCAR Xfinity Series. Prior to the start of the race, the following cars dropped to the rear of the field under penalty for the reasons indicated: Nos. 4, 36 (engine change), 74 (unapproved adjustments).",0,MRN,NBC,2721,,,,,,,,
4744,2,2018,O'Reilly Auto Parts 300,1,1,43,Texas Motor Speedway,2018-11-03T16:30:00,2018-11-03T16:30:00,2018-11-03T00:00:00,,300.0,300.0,200,200,45,45,110,39,4153,189.321,17,8,13,54,116.82,02:34:05,0.162,0,"Cole Custer won the O'Reilly Auto Parts Challenge at Texas Motor Speedway, his second victory in the NASCAR Xfinity Series. Prior to the start of the race, the following cars dropped to the rear of the field under penalty for the reasons indicated: Nos. 4, 60 (unapproved adjustments), 22, 35, 45, 52, 89 (backup car).",0,PRN,NBCSN,3794,,,,,,,,
4745,2,2018,Whelen Trusted To Perform 200,1,1,84,ISM Raceway,2018-11-10T15:30:00,2018-11-10T15:30:00,2018-11-10T00:00:00,,200.0,200.0,200,200,45,45,110,40,4092,133.482,7,5,6,34,100.643,01:59:14,1.887,0,"Christopher Bell won the Whelen Trusted To Perform 200 at ISM Raceway, his eighth victory in the NASCAR Xfinity Series.",0,MRN,NBC,2860,,,,,,,,
4746,2,2018,Ford EcoBoost 300,1,1,40,Homestead-Miami Speedway,2018-11-17T15:30:00,2018-11-17T15:30:00,2018-11-17T00:00:00,,300.0,300.0,200,200,45,45,110,40,4104,165.598,5,4,2,10,140.515,02:08:06,6.902,0,"Tyler Reddick won the Ford EcoBoost 300 at Homestead-Miami Speedway, his third NASCAR Xfinity Series victory. Prior to the start of the race, the following cars dropped to the rear of the field under penalty for the reasons indicated: #40 (unapproved adjustments).",0,MRN,NBCSN,2861,,,,,,,,
4747,3,2018,NextEra Energy Resources 250,1,1,105,Daytona International Speedway,2018-02-16T19:30:00,2018-02-16T19:30:00,2018-02-16T00:00:00,,250.0,250.0,100,100,20,20,60,32,1202,183.61,21,10,7,35,120.385,02:04:36,0.098,0,"Johnny Sauter won the NextEra Energy Resources 250 at Daytona International Speedway, his 18th NASCAR Camping World Truck Series win. Prior to the start of the race, the following trucks dropped to the rear of the field under penalty: Nos. 3, 7, 39, 75 (unapproved adjustments).",0,MRN,FS1,3020,,,,,,,,
4748,3,2018,Active Pest Control 200 benefiting Children’s Healthcare of Atlanta,1,1,111,Atlanta Motor Speedway,2018-02-24T16:30:00,2018-02-24T16:30:00,2018-02-24T00:00:00,,200.0,206.36,130,134,40,40,54,32,454,179.743,9,6,5,24,123.816,01:40:00,1.326,0,"Brett Moffitt won the Active Pest Control 200 at Atlanta Motor Speedway, his second career NASCAR Camping World Truck Series victory. Prior to the green flag, the following trucks dropped to the rear of the field under penalty for the reasons indicated: #1 and #3 (unapproved adjustments).",0,MRN,FS1,4475,,,,,,,,
4763,3,2018,Stratosphere 200,1,1,42,Las Vegas Motor Speedway,2018-03-02T21:00:00,2018-03-02T21:00:00,2018-03-02T00:00:00,,200.0,201.0,134,134,30,30,74,32,454,176.615,14,7,5,25,122.665,01:38:19,0.437,0,"Kyle Busch won the Stratosphere 200 at Las Vegas Motor Speedway, his 50th NASCAR Camping World Truck Series victory. Prior to the start of the race, the following truck(s) dropped to the rear of the field under penalty for the reason indicated: #50, 0, 88 (unapproved adjustments), #1 (tire change), #25, (engine change and unapproved adjustments).",0,MRN,FS1,4103,,,,,,,,
4749,3,2018,Alpha Energy Solutions 250,1,1,22,Martinsville Speedway,2018-03-24T14:00:00,2018-03-24T00:00:00,2018-03-24T00:00:00,,131.5,131.5,250,250,70,70,110,32,4107,95.942,10,6,10,68,64.628,02:02:05,0.106,0,"John Hunter Nemechek won the Alpha Energy Solutions 250 at Martinsville Speedway, his sixth NASCAR Camping World Truck Series victory. Prior to the start of the race, the following trucks dropped to the rear of the field under penalty for reasons indicated: No. 4 and 10 (engine change), No. 6 (missed drivers meeting), No. 33 (unapproved adjustments).",0,MRN,FS1,2913,,,,,,,,
4752,3,2018,JEGS 200,1,1,103,Dover International Speedway,2018-05-04T17:00:00,2018-05-04T17:00:00,2018-05-04T00:00:00,,200.0,210.0,200,210,45,45,120,32,4224,157.66,8,4,7,46,98.386,02:08:04,0.533,0,"Johnny Sauter won the JEGS 200 at Dover International Speedway, his 19th NASCAR Camping World Truck Series victory. Prior to the start of the race the following cars dropped to the rear of the field under penalty for reasons indicated: #22 - unapproved adjustments.",0,MRN,FS1,3041,,,,,,,,
4750,3,2018,37 Kind Days 250,1,1,41,Kansas Speedway,2018-05-11T20:30:00,2018-05-11T20:30:00,2018-05-11T00:00:00,,250.5,250.5,167,167,40,40,87,32,4224,176.678,13,8,4,21,134.137,01:52:03,1.558,0,"Noah Gragson won the 37 Kind Days 250 at Kansas Speedway, his second NASCAR Camping World Truck Series victory. Prior to the start of the race, the following trucks dropped to the rear of the field under penalty for the reasons indicated: #8 (Unapproved Adjustment - Electrical), #15 (Unapproved Adjustments – Body,) #74 (Unapproved Adjustments – Electrical), #13 (Unapproved Adjustments – Tires).",0,MRN,FS1,3055,,,,,,,,
4751,3,2018,North Carolina Education Lottery 200,1,1,162,Charlotte Motor Speedway,2018-05-18T20:30:00,2018-05-18T20:30:00,,,201.0,201.0,134,134,30,30,74,32,0,0.0,11,5,7,36,112.675,01:47:02,1.34,0,"Johnny Sauter won the North Carolina Education Lotttery 200 at Charlotte Motor Speedway, his 20th NASCAR Camping World Truck Series victory. Prior to the start of the race, the following trucks dropped to the rear of the field for the reasons indicated: #22 (Backup truck).",0,MRN,FS1,3094,,,,,,,,
4753,3,2018,PPG 400,1,1,43,Texas Motor Speedway,2018-06-08T21:00:00,2018-06-08T21:00:00,2018-06-08T00:00:00,,250.5,250.5,167,167,40,40,87,32,4205,185.103,12,9,9,44,115.66,02:09:57,0.092,0,"Johnny Sauter won the PPG 400 at Texas Motor Speedway, his 21st NASCAR Camping World Truck Series victory. Prior to the green flag, the following truck(s) dropped to the rear of the field under penalty for the reason indicated: Nos. 25, 50 (unapproved adjustments).",0,MRN,FS1,4095,,,,,,,,
4755,3,2018,M&M's 200 presented by Casey's General Store,1,1,206,Iowa Speedway,2018-06-16T19:00:00,2018-06-16T19:00:00,2018-06-16T00:00:00,,175.0,175.0,200,200,60,60,80,32,4217,133.085,7,7,6,44,89.936,01:56:45,0.333,0,"Brett Moffitt won the M&M's 200 presented by Casey's General Store at Iowa Speedway, his third NASCAR Camping World Truck Series victory. Prior to the green flag, the following truck dropped to the rear of the field under penalty for the reason indicated: No. 04 (unapproved adjustments).",0,MRN,FS1,3715,,,,,,,,
4754,3,2018,Villa Lighting delivers the Eaton 200 presented by CK Power,1,1,45,Gateway Motorsports Park,2018-06-23T20:30:00,2018-06-23T20:30:00,2018-06-23T00:00:00,,200.0,200.0,100,160,35,35,90,32,3978,138.867,7,7,9,53,85.328,02:20:38,0.753,0,"Justin Haley won the 5th Annual Villa Lighting delivers the Eaton 200 presented by CK Power, his 1st NASCAR Camping World Truck Series victory. Prior to the start of the race, the following trucks dropped to the rear of the field for the reason indicated: No. 33 (unapproved adjustments), No. 41 (backup truck), No. 87 (pitting before the green).",0,MRN,FS1,4376,,,,,,,,
4762,3,2018,Overton’s 225,1,1,39,Chicagoland Speedway,2018-06-29T21:00:00,2018-06-29T21:00:00,2018-06-29T00:00:00,,225.0,225.0,150,150,35,35,80,32,4224,175.131,17,6,6,29,119.346,01:53:07,5.092,0,"Brett Moffitt won the Overton's 225 at Chicagoland Speedway, his fourth victory in the NASCAR Camping World Truck Series. Prior to the start of the race, the following trucks dropped to the rear of the field under penalty for the reasons indicated: Nos. 49, 0 (unapproved adjustments).",0,MRN,FS1,3714,,,,,,,,
4756,3,2018,Buckle Up in Your Truck 225,1,1,61,Kentucky Speedway,2018-07-12T19:30:00,2018-07-12T19:30:00,2018-07-12T00:00:00,,225.0,225.0,150,150,35,35,80,32,4224,183.955,11,5,3,14,146.739,01:32:00,0.922,0,"Ben Rhodes won the Buckle Up in Your Truck 225 at Kentucky Speedway, his second victory in the NASCAR Camping World Truck Series. Prior to the start of the race, the following trucks dropped to the rear of the field under penalty for the reasons indicated: No. 8 (unapproved adjustments), No. 13 (backup truck) and #52 (engine change).",0,MRN,FS1,3994,,,,,,,,
4757,3,2018,Eldora Dirt Derby,1,1,208,Eldora Speedway,2018-07-18T21:00:00,2018-07-18T21:00:00,2018-07-18T00:00:00,,75.0,76.5,150,153,40,50,63,32,4107,86.801,7,5,9,41,46.131,01:39:30,0.038,0,"Chase Briscoe won the Eldora Dirt Derby, his second NASCAR Camping World Truck Series victory. Prior to the start of the race, the following trucks dropped to the rear of the field for the reason indicated: No. 49 (unapproved adjustments).",0,MRN,FS1,4363,,,,,,,,
4758,3,2018,Gander Outdoors 150,1,1,198,Pocono Raceway,2018-07-28T13:00:00,2018-07-28T13:00:00,2018-07-28T00:00:00,,125.0,150.0,50,60,15,15,30,32,454,170.345,9,6,2,8,136.813,01:05:47,1.469,0,"Kyle Busch won the 9th annual Gander Outdoors 150 at Pocono Raceway, his 51st victory in the NASCAR Camping World Truck Series. Prior to the start of the race, the following cars dropped to the rear of the field under penalty for the reasons indicated: No. 18, 52, 10, 02 (unapproved adjustments); No. 16 (engine change); No. 41 (backup car).",0,MRN,FS1,3822,,,,,,,,
4759,3,2018,Corrigan Oil 200,1,1,133,Michigan International Speedway,2018-08-11T13:00:00,2018-08-11T13:00:00,2018-08-11T00:00:00,,200.0,200.0,100,100,20,20,60,32,4092,184.044,16,9,5,22,130.175,01:32:11,0.025,0,"Brett Moffitt won the 19th annual Corrigan Oil 200 at Michigan International Speedway, his 5th victory in the NASCAR Camping World Series. Prior to the start of the race, the following cars dropped to the rear of the field under penalty for the reasons indicated: Nos. 51, 81 (tire change), 20, 24 (engine change).",0,MRN,FS1,3010,,,,,,,,
4760,3,2018,UNOH 200,1,1,14,Bristol Motor Speedway,2018-08-16T20:30:00,2018-08-16T20:30:00,2018-08-16T00:00:00,,106.6,106.6,200,200,55,55,90,32,4153,125.839,6,4,5,38,83.119,01:16:57,0.236,0,"Johnny Sauter won the 21st annual UNOH 200 at Bristol Motor Speedway, his 22nd victory in the NASCAR Camping World Truck Series. Prior to the start of the race, the following cars dropped to the rear of the field under penalty for the reasons indicated: Nos. 3, 22 (unapproved adjustments).",0,MRN,FOX,3105,,,,,,,,
4761,3,2018,Chevrolet Silverado 250,1,1,209,Canadian Tire Motorsport Park,2018-08-26T14:30:00,2018-08-26T14:30:00,2018-08-25T00:00:00,,157.38,162.5,64,65,20,20,25,32,4107,97.854,8,6,5,18,76.476,02:05:24,2.223,0,"Justin Haley won the Chevrolet Silverado 250 at Canadian Tire Motorsport Park, his second NASCAR Camping World Truck Series victory. Prior to the green flag, the following trucks dropped to the rear of the field under penalty for the reason indicated: Nos. 6 and 98 (unapproved adjustments), No. 22 (engine change).",0,MRN,FS1,4252,,,,,,,,
4764,3,2018,World of Westgate 200,1,1,42,Las Vegas Motor Speedway,2018-09-14T21:00:00,2018-09-14T21:00:00,2018-09-14T00:00:00,,200.0,216.0,134,144,30,30,84,32,4224,178.036,21,9,11,47,101.647,02:07:30,0.142,0,"Grant Enfinger won the 22nd Annual World of Westgate 200 at Las Vegas Motor Speedway, his second victory in the NASCAR Camping World Truck Series. Prior to the start of the race, the following trucks dropped to the rear of the field under penalty for the reasons indicated: Nos. 41, 88 (unapproved adjustments).",0,MRN,FS1,2941,,,,,,,,
4765,3,2018,Fr8Auctions 250,1,1,82,Talladega Superspeedway,2018-10-13T13:00:00,2018-10-13T13:00:00,2018-10-12T00:00:00,,250.04,250.04,94,94,20,20,54,32,1202,180.57,22,12,6,21,137.911,01:48:47,Caution,0,"Timothy Peters won the 13th Fr8Auctions 250 at Talladega Superspeedway, his 11th victory in the NASCAR Camping World Truck Series. Prior to the start of the race, the following cars dropped to the rear of the field under penalty for the reasons indicated: Trucks to the rear: Nos. 8, 75, 02, 52, 21 (unapproved adjustments), No. 13 (unapproved tire change), No. 30 (engine change).",0,MRN,FOX,3198,,,,,,,,
4766,3,2018,Texas Roadhouse 200 presented by Alpha Energy Solutions,1,1,22,Martinsville Speedway,2018-10-27T13:00:00,2018-10-27T13:00:00,2018-10-27T00:00:00,,105.2,105.2,200,200,50,50,100,32,4231,95.113,5,4,6,43,69.299,01:31:05,4.572,0,"Johnny Sauter won the Texas Roadhouse 200 at Martinsville Speedway, his 23rd victory in the NASCAR Camping World Truck Series. Prior to the start of the race, the following trucks dropped to the rear of the field under penalty for the reasons indicated: Nos. 10, 20, 22 and 49 (Unapproved adjustments).",0,MRN,FS1,3112,,,,,,,,
4767,3,2018,JAG Metals 350,1,1,43,Texas Motor Speedway,2018-11-02T20:30:00,2018-11-02T20:30:00,2018-11-02T00:00:00,,220.5,220.5,147,147,35,35,77,32,2911,188.758,12,8,7,36,119.064,01:51:07,8.133,0,"Justin Haley won the JAG Metals 350 at Texas Motor Speedway, his third victory in the NASCAR Camping World Truck Series. Prior to the start of the race, the following trucks dropped to the rear of the field under penalty for the reasons indicated: Nos. 3, 4, 41, 83 (unapproved adjustments).",0,MRN,FS1,3018,,,,,,,,
4768,3,2018,Lucas Oil 150,1,1,84,ISM Raceway,2018-11-09T20:30:00,2018-11-09T20:30:00,2018-11-09T00:00:00,,150.0,150.0,150,150,45,45,60,32,4224,136.075,8,6,5,33,95.004,01:34:44,0.456,0,"Brett Moffitt won the Lucas Oil 150 at ISM Raceway, his sixth victory in the NASCAR Camping World Truck Series. Prior to the start of the race, the following 
trucks dropped to the rear of the field under penalty for the reasons indicated: Nos. 3, 10, 15 (unapproved adjustments).",0,MRN,FS1,2898,,,,,,,,
4769,3,2018,Ford EcoBoost 200,1,1,40,Homestead-Miami Speedway,2018-11-16T20:00:00,2018-11-16T20:00:00,2018-11-16T00:00:00,,201.0,201.0,134,134,30,30,74,32,3978,169.348,10,7,2,12,133.684,01:30:13,2.000,0,"Brett Moffitt won the Ford EcoBoost 200 at Homestead-Miami Speedway, his seventh NASCAR Camping World Truck Series victory. Prior to the start of the race, no trucks dropped to the rear of the field.",0,MRN,FS1,2918,,,,,,,,
