season,series_id,race_id,race_id_short,finish_position,starting_position,driver_number,driver_nationality,driver_id,driver_name,sponsor,owner_id,car,race_laps_run,race_status,race_laps_lead,points_earned,playoff_points_earned
1994,E,1994_Tri-State_Megabucks_Twin_125s,1994_01_E,1,2,47,usa,Kelly_Moore,Kelly Moore,Jordan Lumber / Pennzoil,,Chevrolet,125,19665,running,117,180
1994,E,1994_Tri-State_Megabucks_Twin_125s,1994_01_E,2,7,51,usa,Mike_Stefanik,Mike Stefanik,Auto Palace,,Chevrolet,125,11715,running,0,170
1994,E,1994_Tri-State_Megabucks_Twin_125s,1994_01_E,3,5,16,usa,Stub_Fadden,Stub Fadden,NAPA,,Buick,125,4865,running,0,165
1994,E,1994_Tri-State_Megabucks_Twin_125s,1994_01_E,4,12,76,usa,Tom_Bolles,Tom Bolles,Bolles Chrysler-Plymouth,,Buick,125,4240,running,0,160
1994,E,1994_Tri-State_Megabucks_Twin_125s,1994_01_E,5,19,98,usa,Keith_Lamell,Keith Lamell,Lamell Lumber,,Buick,125,3490,running,0,155
1994,E,1994_Tri-State_Megabucks_Twin_125s,1994_01_E,6,20,09,usa,Tom_Rosati,Tom Rosati,Tic-Tac / Costco / EJP,,Oldsmobile,125,2755,running,0,150
1994,E,1994_Tri-State_Megabucks_Twin_125s,1994_01_E,7,26,7,usa,Dale_Shaw,Dale Shaw,Skoal Racing / Cumberland Farms,,Pontiac,125,2815,running,0,146
1994,E,1994_Tri-State_Megabucks_Twin_125s,1994_01_E,8,3,71,usa,Bobby_Dragon,Bobby Dragon,Talarico Dealerships,,Chevrolet,125,2585,running,0,142
1994,E,1994_Tri-State_Megabucks_Twin_125s,1994_01_E,9,36,97,usa,Joe_Bessey,Joe Bessey,Auto Palace / AC Delco,,Pontiac,125,2515,running,0,138
1994,E,1994_Tri-State_Megabucks_Twin_125s,1994_01_E,10,1,0,usa,Dick_McCabe,Dick McCabe,Fisher Snowplows / R.H. Long,,Pontiac,125,3065,running,0,134
1994,E,1994_Tri-State_Megabucks_Twin_125s,1994_01_E,11,24,53,usa,Greg_Clark,Greg Clark,Chatham Fuel,,Chevrolet,125,2045,running,0,130
1994,E,1994_Tri-State_Megabucks_Twin_125s,1994_01_E,12,10,38,usa,Babe_Branscombe,Babe Branscombe,NH Racing Capital,,Chevrolet,125,1925,running,8,127
1994,E,1994_Tri-State_Megabucks_Twin_125s,1994_01_E,13,16,17,usa,Bob_Brunell,Bob Brunell,Brunell Asphalt / Grist Mill,,Pontiac,125,1805,running,0,124
1994,E,1994_Tri-State_Megabucks_Twin_125s,1994_01_E,14,6,6,usa,Robbie_Crouch,Robbie Crouch,Auto Palace / Valvoline,,Pontiac,125,1645,running,0,121
1994,E,1994_Tri-State_Megabucks_Twin_125s,1994_01_E,15,11,56,usa,Martin_Truex,Martin Truex,Blount Seafood,,Oldsmobile,125,1710,running,0,118
1994,E,1994_Tri-State_Megabucks_Twin_125s,1994_01_E,16,28,75,usa,Peter_Daniels,Peter Daniels,White Silver Paper,,Buick,124,1315,running,0,115
1994,E,1994_Tri-State_Megabucks_Twin_125s,1994_01_E,17,32,1,usa,John_Preston,John Preston,Wyalusing Hotel / Clark Concrete,,Oldsmobile,124,1765,running,0,112
1994,E,1994_Tri-State_Megabucks_Twin_125s,1994_01_E,18,13,61,usa,Mike_Olsen,Mike Olsen,Olsen Racing,,Buick,124,1425,running,0,109
1994,E,1994_Tri-State_Megabucks_Twin_125s,1994_01_E,19,49,77,usa,Chris_Aman,Chris Aman,Grappone,,Ford,124,1415,running,0,106
1994,E,1994_Tri-State_Megabucks_Twin_125s,1994_01_E,20,8,15,usa,Andy_Santerre,Andy Santerre,O'Connor GMC / Sugarloaf USA,,Buick,124,1340,running,0,103
1994,E,1994_Tri-State_Megabucks_Twin_125s,1994_01_E,21,37,50,usa,Toby_Tobias_Jr,"Toby Tobias, Jr.",Harrell Trucking,,Ford,124,1065,running,0,100
1994,E,1994_Tri-State_Megabucks_Twin_125s,1994_01_E,22,15,04,usa,Ken_Wallace_Jr,"Ken Wallace, Jr.",T.G.I. Friday's,,Chevrolet,124,1105,running,0,97
1994,E,1994_Tri-State_Megabucks_Twin_125s,1994_01_E,23,44,31,canada,Rollie_MacDonald,Rollie MacDonald,King Freight Lines,,Oldsmobile,124,1065,running,0,94
1994,E,1994_Tri-State_Megabucks_Twin_125s,1994_01_E,24,35,25,usa,John_Swanson,John Swanson,New England Pontiac Dealers,,Pontiac,124,915,running,0,91
1994,E,1994_Tri-State_Megabucks_Twin_125s,1994_01_E,25,9,22,usa,Jeff_Barry,Jeff Barry,TAD Technical / WCLB 105.7,,Chevrolet,124,1045,running,0,88
1994,E,1994_Tri-State_Megabucks_Twin_125s,1994_01_E,26,17,69,usa,Jeff_Spraker,Jeff Spraker,WFE Challenge,,Oldsmobile,124,985,running,0,85
1994,E,1994_Tri-State_Megabucks_Twin_125s,1994_01_E,27,40,23,usa,Jerry_Marquis,Jerry Marquis,Northeast Transport Group,,Buick,123,765,running,0,82
1994,E,1994_Tri-State_Megabucks_Twin_125s,1994_01_E,28,4,41,usa,Jamie_Aube,Jamie Aube,Budweiser,,Chevrolet,123,875,running,0,79
1994,E,1994_Tri-State_Megabucks_Twin_125s,1994_01_E,29,22,86,usa,Anthony_Rainone,Anthony Rainone,HMA Car Care / Old Forge Auto & Truck,,Pontiac,123,795,running,0,76
1994,E,1994_Tri-State_Megabucks_Twin_125s,1994_01_E,30,31,24,usa,Carleton_Robie,Carleton Robie,Robie Racing,,Pontiac,122,620,running,0,73
1994,E,1994_Tri-State_Megabucks_Twin_125s,1994_01_E,31,41,94,usa,Steve_Hoddick,Steve Hoddick,Equity Pace,,Pontiac,122,595,running,0,70
1994,E,1994_Tri-State_Megabucks_Twin_125s,1994_01_E,32,38,99,usa,Steve_Nowakowski,Steve Nowakowski,Classic Auto,,Chevrolet,121,570,running,0,67
1994,E,1994_Tri-State_Megabucks_Twin_125s,1994_01_E,33,21,73,usa,Brian_Ross_(1),Brian Ross,Gendron GMC,,Chevrolet,119,670,crash,0,64
1994,E,1994_Tri-State_Megabucks_Twin_125s,1994_01_E,34,46,20,usa,Mike_Knight,Mike Knight,Souls Harbor / House of Arvilla,,Oldsmobile,119,495,crash,0,61
1994,E,1994_Tri-State_Megabucks_Twin_125s,1994_01_E,35,43,03,canada,A_J_Parker,A.J. Parker,Baseline Golf Course,,Oldsmobile,119,495,crash,0,58
1994,E,1994_Tri-State_Megabucks_Twin_125s,1994_01_E,36,42,46,usa,Marty_Noll,Marty Noll,Qik Joe / Milazzo Industries,,Chevrolet,117,495,running,0,55
1994,E,1994_Tri-State_Megabucks_Twin_125s,1994_01_E,37,34,95,usa,Brian_Donley,Brian Donley,WXCY Radio,,Chevrolet,116,495,engine,0,52
1994,E,1994_Tri-State_Megabucks_Twin_125s,1994_01_E,38,39,29,usa,Dave_Dion,Dave Dion,Berlin City Ford / Continental Paving,,Ford,102,495,transmission,0,49
1994,E,1994_Tri-State_Megabucks_Twin_125s,1994_01_E,39,27,79,usa,Dave_Rezendes,Dave Rezendes,Lipton Tea,,Ford,88,495,crash,0,46
1994,E,1994_Tri-State_Megabucks_Twin_125s,1994_01_E,40,33,8,usa,Jeff_Zuidema,Jeff Zuidema,Ocean Spray,,Pontiac,87,495,handling,0,43
1994,E,1994_Tri-State_Megabucks_Twin_125s,1994_01_E,41,14,34,usa,Glenn_Sullivan,Glenn Sullivan,Christy's Markets,,Chevrolet,68,645,clutch,0,40
1994,E,1994_Tri-State_Megabucks_Twin_125s,1994_01_E,42,29,30,usa,Dennis_Doyle,Dennis Doyle,JRC Transportation,,Oldsmobile,20,495,engine,0,37
1994,E,1994_Tri-State_Megabucks_Twin_125s,1994_01_E,43,25,70,usa,Jim_Boardman,Jim Boardman,Shady Ledge,,Pontiac,20,495,brakes,0,34
1994,E,1994_Tri-State_Megabucks_Twin_125s,1994_01_E,44,23,18,usa,Scott_Deware,Scott Deware,Original Sports Saloon,,Pontiac,15,495,engine,0,31
1994,E,1994_Tri-State_Megabucks_Twin_125s,1994_01_E,45,30,4,usa,Bryan_Goewey,Bryan Goewey,Primetime Conversion Vans,,Oldsmobile,11,495,engine,0,28
1994,E,1994_Tri-State_Megabucks_Twin_125s,1994_01_E,46,50,49,usa,Karl_Hehr,Karl Hehr,Equity Pace,,Pontiac,8,495,engine,0,25
1994,E,1994_Tri-State_Megabucks_Twin_125s,1994_01_E,47,47,33,usa,Billy_Mitchell,Billy Mitchell,Northern Gas,,Pontiac,1,495,transmission,0,22
1994,E,1994_Tri-State_Megabucks_Twin_125s,1994_01_E,48,18,5,usa,Barney_McRae,Barney McRae,Motion Racing,,Pontiac,0,,did not start,0,
1994,E,1994_Tri-State_Megabucks_Twin_125s,1994_01_E,49,45,21,usa,Eric_Bodine,Eric Bodine,Snack King,,Chevrolet,0,,did not start,0,
1994,E,1994_Tri-State_Megabucks_Twin_125s,1994_01_E,50,48,58,usa,Mark_Porcaro,Mark Porcaro,Pro Chevrolet,,Chevrolet,0,,did not start,0,
1994,E,1994_Chevy_Dealers_of_New_England_250,1994_02_E,1,14,82,usa,Derrike_Cope,Derrike Cope   (Busch),Sports World,,Ford,250,32400,running,36,
1994,E,1994_Chevy_Dealers_of_New_England_250,1994_02_E,2,19,08,usa,Bobby_Dotter,Bobby Dotter   (Busch),DeWalt Industrial Tools,,Chevrolet,250,19275,running,0,
1994,E,1994_Chevy_Dealers_of_New_England_250,1994_02_E,3,16,52,usa,Ken_Schrader,Ken Schrader   (Busch),AC Delco,,Chevrolet,250,10325,running,0,
1994,E,1994_Chevy_Dealers_of_New_England_250,1994_02_E,4,7,8,usa,Kenny_Wallace,Kenny Wallace   (Busch),TIC Financial Systems,,Ford,250,10475,running,0,
1994,E,1994_Chevy_Dealers_of_New_England_250,1994_02_E,5,39,23,usa,Chad_Little,Chad Little   (Busch),Bayer Select,,Ford,250,10950,running,0,
1994,E,1994_Chevy_Dealers_of_New_England_250,1994_02_E,6,2,44,usa,David_Green,David Green   (Busch),Slim Jim,,Chevrolet,250,12725,running,29,
1994,E,1994_Chevy_Dealers_of_New_England_250,1994_02_E,7,15,92,usa,Larry_Pearson,Larry Pearson   (Busch),Stanley Tools,,Chevrolet,250,9175,running,0,
1994,E,1994_Chevy_Dealers_of_New_England_250,1994_02_E,8,41,59,usa,Dennis_Setzer,Dennis Setzer   (Busch),Alliance Training Centers,,Chevrolet,250,10725,running,0,
1994,E,1994_Chevy_Dealers_of_New_England_250,1994_02_E,9,21,71,usa,Kevin_Lepage,Kevin Lepage   (Busch),Vermont Teddy Bear,,Chevrolet,249,7500,flat tire,7,
1994,E,1994_Chevy_Dealers_of_New_England_250,1994_02_E,10,43,34,usa,Mike_McLaughlin,Mike McLaughlin   (Busch),Fiddle Faddle,,Chevrolet,248,8650,running,0,
1994,E,1994_Chevy_Dealers_of_New_England_250,1994_02_E,11,18,55,usa,Tim_Fedewa,Tim Fedewa   (Busch),D-R Racing,,Ford,248,6750,running,0,
1994,E,1994_Chevy_Dealers_of_New_England_250,1994_02_E,12,34,74,usa,Johnny_Benson_Jr,"Johnny Benson, Jr.   (Busch)",Staff America,,Chevrolet,248,6575,running,0,
1994,E,1994_Chevy_Dealers_of_New_England_250,1994_02_E,13,31,25,usa,Hermie_Sadler,Hermie Sadler   (Busch),Virginia Is For Lovers,,Chevrolet,248,8225,running,83,
1994,E,1994_Chevy_Dealers_of_New_England_250,1994_02_E,14,36,7,usa,Dale_Shaw,Dale Shaw,Skoal Racing / Cumberland Farms,,Pontiac,247,5450,running,0,
1994,E,1994_Chevy_Dealers_of_New_England_250,1994_02_E,15,29,97,usa,Joe_Bessey,Joe Bessey   (Busch),Auto Palace,,Chevrolet,247,4850,running,0,
1994,E,1994_Chevy_Dealers_of_New_England_250,1994_02_E,16,32,04,usa,Ken_Wallace_Jr,"Ken Wallace, Jr.",T.G.I. Friday's,,Chevrolet,245,6250,running,0,
1994,E,1994_Chevy_Dealers_of_New_England_250,1994_02_E,17,33,76,usa,Pat_Davison,Pat Davison   (Busch),Davison Racing,,Chevrolet,243,4650,running,0,
1994,E,1994_Chevy_Dealers_of_New_England_250,1994_02_E,18,24,41,usa,Johnny_Rumley,Johnny Rumley   (Busch),White House Apple Juice,,Ford,242,4550,running,0,
1994,E,1994_Chevy_Dealers_of_New_England_250,1994_02_E,19,6,20,usa,Randy_LaJoie,Randy LaJoie   (Busch),Fina Lube,,Chevrolet,229,5050,engine,14,
1994,E,1994_Chevy_Dealers_of_New_England_250,1994_02_E,20,11,14,usa,Terry_Labonte,Terry Labonte   (Busch),MW Windows,,Chevrolet,228,4350,engine,18,
1994,E,1994_Chevy_Dealers_of_New_England_250,1994_02_E,21,30,63,usa,Jim_Bown,Jim Bown   (Busch),Lysol,,Chevrolet,227,6600,running,0,
1994,E,1994_Chevy_Dealers_of_New_England_250,1994_02_E,22,26,2,usa,Ricky_Craven,Ricky Craven   (Busch),DuPont Refinishes,,Chevrolet,226,6500,running,0,
1994,E,1994_Chevy_Dealers_of_New_England_250,1994_02_E,23,35,4,usa,Jamie_Aube,Jamie Aube,Budweiser,,Chevrolet,221,5550,engine,0,
1994,E,1994_Chevy_Dealers_of_New_England_250,1994_02_E,24,37,99,usa,Robert_Pressley,Robert Pressley   (Busch),J & J Racing,,Chevrolet,209,4550,crash,20,
1994,E,1994_Chevy_Dealers_of_New_England_250,1994_02_E,25,40,70,usa,Bobby_Dragon,Bobby Dragon,Talarico Dealerships,,Chevrolet,203,5350,brakes,0,
1994,E,1994_Chevy_Dealers_of_New_England_250,1994_02_E,26,23,35,usa,Randy_Porter,Randy Porter   (Busch),Cincinnati Milacron,,Chevrolet,191,4350,running,0,
1994,E,1994_Chevy_Dealers_of_New_England_250,1994_02_E,27,8,57,usa,Jason_Keller,Jason Keller   (Busch),Budweiser,,Chevrolet,175,4250,running,0,
1994,E,1994_Chevy_Dealers_of_New_England_250,1994_02_E,28,27,72,usa,Tracy_Leslie,Tracy Leslie   (Busch),Detroit Gasket,,Chevrolet,163,5900,crash,0,
1994,E,1994_Chevy_Dealers_of_New_England_250,1994_02_E,29,5,43,usa,Rodney_Combs,Rodney Combs   (Busch),Black Flag,,Pontiac,148,4050,crash,0,
1994,E,1994_Chevy_Dealers_of_New_England_250,1994_02_E,30,28,56,usa,Martin_Truex,Martin Truex,Blount Seafood,,Chevrolet,136,4900,crash,0,
1994,E,1994_Chevy_Dealers_of_New_England_250,1994_02_E,31,4,3,usa,Dale_Earnhardt,Dale Earnhardt   (Busch),GM Goodwrench,,Chevrolet,131,3650,crash,42,
1994,E,1994_Chevy_Dealers_of_New_England_250,1994_02_E,32,9,87,usa,Joe_Nemechek,Joe Nemechek   (Busch),NEMCO Motorsports,,Chevrolet,85,3300,crash,0,
1994,E,1994_Chevy_Dealers_of_New_England_250,1994_02_E,33,42,6,usa,Robbie_Crouch,Robbie Crouch,Auto Palace,,Pontiac,75,4750,crash,0,
1994,E,1994_Chevy_Dealers_of_New_England_250,1994_02_E,34,38,0,usa,Dick_McCabe,Dick McCabe,Fisher Snowplows,,Pontiac,75,5200,crash,0,
1994,E,1994_Chevy_Dealers_of_New_England_250,1994_02_E,35,1,33,usa,Bobby_Labonte,Bobby Labonte   (Busch),Dentyne,,Pontiac,73,4400,ratchet,1,
1994,E,1994_Chevy_Dealers_of_New_England_250,1994_02_E,36,22,09,usa,Tom_Rosati,Tom Rosati,Tic-Tac,,Oldsmobile,73,4350,transmission,0,
1994,E,1994_Chevy_Dealers_of_New_England_250,1994_02_E,37,13,9,usa,Mike_Wallace,Mike Wallace   (Busch),FDP Brakes,,Chevrolet,65,3700,crash,0,
1994,E,1994_Chevy_Dealers_of_New_England_250,1994_02_E,38,25,16,usa,Stub_Fadden,Stub Fadden,NAPA Auto Parts,,Buick,64,4600,crash,0,
1994,E,1994_Chevy_Dealers_of_New_England_250,1994_02_E,39,17,15,usa,Dirk_Stephens,Dirk Stephens   (Busch),Ford Motor Credit,,Ford,61,3700,crash,0,
1994,E,1994_Chevy_Dealers_of_New_England_250,1994_02_E,40,20,75,usa,Doug_Heveron,Doug Heveron   (Busch),Food Country USA,,Chevrolet,34,3700,engine,0,
1994,E,1994_Chevy_Dealers_of_New_England_250,1994_02_E,41,44,11,usa,Mike_Stefanik,Mike Stefanik,Auto Palace,,Chevrolet,26,4600,suspension,0,
1994,E,1994_Chevy_Dealers_of_New_England_250,1994_02_E,42,12,47,usa,Kelly_Moore,Kelly Moore,Jordan Lumber,,Chevrolet,18,4600,crash,0,
1994,E,1994_Chevy_Dealers_of_New_England_250,1994_02_E,43,3,28,usa,Ernie_Irvan,Ernie Irvan   (Busch),Mac Tools,,Ford,15,3600,oil pump,0,
1994,E,1994_Chevy_Dealers_of_New_England_250,1994_02_E,44,10,1,usa,Jeff_Neal,Jeff Neal   (Busch),Luxaire Heating & Air Conditioning,,Ford,13,3100,engine,–,
1994,E,1994_Busch_150_%28May_15%29,1994_03_E,1,2,23,usa,Jerry_Marquis,Jerry Marquis,Northeast Transport Group,,Buick,131,7500,running,131,180
1994,E,1994_Busch_150_%28May_15%29,1994_03_E,2,3,6,usa,Robbie_Crouch,Robbie Crouch,Auto Palace / Valvoline,,Pontiac,131,4200,running,0,170
1994,E,1994_Busch_150_%28May_15%29,1994_03_E,3,6,09,usa,Tom_Rosati,Tom Rosati,Tic-Tac,,Oldsmobile,131,2450,running,0,165
1994,E,1994_Busch_150_%28May_15%29,1994_03_E,4,4,76,usa,Tom_Bolles,Tom Bolles,Bolles Racing,,Buick,131,1700,running,0,160
1994,E,1994_Busch_150_%28May_15%29,1994_03_E,5,12,38,usa,Babe_Branscombe,Babe Branscombe,Racing Capital,,Chevrolet,131,1475,running,0,155
1994,E,1994_Busch_150_%28May_15%29,1994_03_E,6,10,29,usa,Dave_Dion,Dave Dion,Berlin City Ford / Continental Paving,,Ford,131,1000,running,0,150
1994,E,1994_Busch_150_%28May_15%29,1994_03_E,7,16,16,usa,Stub_Fadden,Stub Fadden,NAPA Auto Parts,,Buick,131,1250,running,0,146
1994,E,1994_Busch_150_%28May_15%29,1994_03_E,8,15,61,usa,Mike_Olsen,Mike Olsen,Olsen Racing,,Buick,131,1190,running,0,142
1994,E,1994_Busch_150_%28May_15%29,1994_03_E,9,7,41,usa,Jamie_Aube,Jamie Aube,Budweiser,,Chevrolet,130,1120,running,0,138
1994,E,1994_Busch_150_%28May_15%29,1994_03_E,10,24,7,usa,Dale_Shaw,Dale Shaw,Skoal Racing / Cumberland Farms,,Pontiac,130,1250,running,0,134
1994,E,1994_Busch_150_%28May_15%29,1994_03_E,11,9,22,usa,Jeff_Barry,Jeff Barry,TAD Technical / WCLB,,Chevrolet,130,975,running,0,130
1994,E,1994_Busch_150_%28May_15%29,1994_03_E,12,8,75,usa,Peter_Daniels,Peter Daniels,RSD Racing,,Buick,130,625,running,0,127
1994,E,1994_Busch_150_%28May_15%29,1994_03_E,13,1,0,usa,Dick_McCabe,Dick McCabe,Fisher Snowplows / R.H. Long,,Pontiac,130,1655,running,0,124
1994,E,1994_Busch_150_%28May_15%29,1994_03_E,14,18,1,usa,John_Preston,John Preston,Wyalusing Hotel,,Oldsmobile,129,525,running,0,121
1994,E,1994_Busch_150_%28May_15%29,1994_03_E,15,21,8,usa,Jeff_Zuidema,Jeff Zuidema,Ocean Spray,,Pontiac,129,700,running,0,118
1994,E,1994_Busch_150_%28May_15%29,1994_03_E,16,20,56,usa,Martin_Truex,Martin Truex,Blount Seafood,,Oldsmobile,129,735,running,0,115
1994,E,1994_Busch_150_%28May_15%29,1994_03_E,17,14,98,usa,Keith_Lamell,Keith Lamell,Lamell Lumber,,Buick,128,690,running,0,112
1994,E,1994_Busch_150_%28May_15%29,1994_03_E,18,5,47,usa,Kelly_Moore,Kelly Moore,Jordan Lumber / Pennzoil,,Chevrolet,128,655,running,0,109
1994,E,1994_Busch_150_%28May_15%29,1994_03_E,19,13,25,usa,John_Swanson,John Swanson,New England Pontiac Dealers,,Pontiac,126,420,running,0,106
1994,E,1994_Busch_150_%28May_15%29,1994_03_E,20,17,24,usa,Carleton_Robie,Carleton Robie,Robie Racing,,Pontiac,126,415,running,0,103
1994,E,1994_Busch_150_%28May_15%29,1994_03_E,21,26,69,usa,Jeff_Spraker,Jeff Spraker,WFE Challenge,,Oldsmobile,126,630,running,0,100
1994,E,1994_Busch_150_%28May_15%29,1994_03_E,22,23,33,usa,Billy_Mitchell,Billy Mitchell,Mitchell Racing,,Pontiac,125,405,running,0,97
1994,E,1994_Busch_150_%28May_15%29,1994_03_E,23,25,5,usa,Barney_McRae,Barney McRae,Ehler's RV,,Pontiac,124,610,running,0,94
1994,E,1994_Busch_150_%28May_15%29,1994_03_E,24,22,34,usa,Glenn_Sullivan,Glenn Sullivan,Christy's Markets,,Chevrolet,117,600,engine,0,91
1994,E,1994_Busch_150_%28May_15%29,1994_03_E,25,19,15,usa,Andy_Santerre,Andy Santerre,O'Connor GMC / Sugarloaf USA,,Chevrolet,41,590,oil leak,0,88
1994,E,1994_Busch_150_%28May_15%29,1994_03_E,26,11,71,usa,Bobby_Dragon,Bobby Dragon,Talarico Dealerships / Tubbs Snowshoes,,Chevrolet,22,580,oil leak,0,85
1994,E,1994_Meridian_Advantage_200,1994_04_E,1,9,2,usa,Ricky_Craven,Ricky Craven   (Busch),DuPont Refinishes,,Chevrolet,200,18275,running,77,
1994,E,1994_Meridian_Advantage_200,1994_04_E,2,14,38,usa,Elton_Sawyer,Elton Sawyer   (Busch),Ford Motor Credit,,Ford,200,11975,running,14,
1994,E,1994_Meridian_Advantage_200,1994_04_E,3,6,9,usa,Mike_Wallace,Mike Wallace   (Busch),FDP Brakes,,Chevrolet,200,8025,running,8,
1994,E,1994_Meridian_Advantage_200,1994_04_E,4,2,44,usa,David_Green,David Green   (Busch),Slim Jim,,Chevrolet,200,7700,running,28,
1994,E,1994_Meridian_Advantage_200,1994_04_E,5,4,34,usa,Mike_McLaughlin,Mike McLaughlin   (Busch),Fiddle Faddle,,Chevrolet,200,7050,running,0,
1994,E,1994_Meridian_Advantage_200,1994_04_E,6,12,08,usa,Bobby_Dotter,Bobby Dotter   (Busch),DeWalt Industrial Tools,,Chevrolet,200,4375,running,0,
1994,E,1994_Meridian_Advantage_200,1994_04_E,7,16,55,usa,Tim_Fedewa,Tim Fedewa   (Busch),Race-Scan,,Ford,200,4075,running,1,
1994,E,1994_Meridian_Advantage_200,1994_04_E,8,1,8,usa,Kenny_Wallace,Kenny Wallace   (Busch),TIC Financial Systems,,Ford,200,4750,running,25,
1994,E,1994_Meridian_Advantage_200,1994_04_E,9,22,59,usa,Dennis_Setzer,Dennis Setzer   (Busch),Alliance Training Centers,,Chevrolet,200,5975,running,0,
1994,E,1994_Meridian_Advantage_200,1994_04_E,10,18,72,usa,Tracy_Leslie,Tracy Leslie   (Busch),Detroit Gasket,,Chevrolet,200,5525,running,0,
1994,E,1994_Meridian_Advantage_200,1994_04_E,11,7,23,usa,Chad_Little,Chad Little   (Busch),Bayer Select,,Ford,199,3475,running,0,
1994,E,1994_Meridian_Advantage_200,1994_04_E,12,36,58,usa,Martin_Truex,Martin Truex,Blount Seafood,,Chevrolet,199,3175,running,0,
1994,E,1994_Meridian_Advantage_200,1994_04_E,13,19,6,usa,Tommy_Houston,Tommy Houston   (Busch),Houston Racing,,Ford,199,2880,running,0,
1994,E,1994_Meridian_Advantage_200,1994_04_E,14,34,35,usa,Randy_Porter,Randy Porter   (Busch),Cincinnati Milacron,,Chevrolet,199,3425,running,0,
1994,E,1994_Meridian_Advantage_200,1994_04_E,15,32,73,usa,Brian_Ross_(1),Brian Ross,Clifton Country Mall,,Chevrolet,199,2325,running,0,
1994,E,1994_Meridian_Advantage_200,1994_04_E,16,31,14,usa,Mike_Stefanik,Mike Stefanik,Sunoco / Auto Palace,,Chevrolet,198,3015,running,0,
1994,E,1994_Meridian_Advantage_200,1994_04_E,17,24,79,usa,Dave_Rezendes,Dave Rezendes   (Busch),Lipton Tea,,Ford,197,3085,running,0,
1994,E,1994_Meridian_Advantage_200,1994_04_E,18,28,51,usa,Andy_Santerre,Andy Santerre,Wheels Discount Auto,,Chevrolet,196,3025,running,0,
1994,E,1994_Meridian_Advantage_200,1994_04_E,19,5,57,usa,Jason_Keller,Jason Keller   (Busch),Budget Gourmet,,Chevrolet,196,2800,running,0,
1994,E,1994_Meridian_Advantage_200,1994_04_E,20,40,04,usa,Ken_Wallace_Jr,"Ken Wallace, Jr.",T.G.I. Friday's,,Chevrolet,196,2675,running,0,
1994,E,1994_Meridian_Advantage_200,1994_04_E,21,23,47,usa,Kelly_Moore,Kelly Moore,Jordan Lumber,,Chevrolet,195,2650,running,0,
1994,E,1994_Meridian_Advantage_200,1994_04_E,22,30,40,usa,Dale_Williams_(2),Dale Williams   (Busch),Keystone Cable / Free Agent,,Chevrolet,194,2100,running,0,
1994,E,1994_Meridian_Advantage_200,1994_04_E,23,26,71,usa,Kevin_Lepage,Kevin Lepage   (Busch),Vermont Teddy Bear,,Chevrolet,190,2650,running,0,
1994,E,1994_Meridian_Advantage_200,1994_04_E,24,3,15,usa,Dirk_Stephens,Dirk Stephens   (Busch),Whitcomb Racing,,Ford,171,2625,crash,0,
1994,E,1994_Meridian_Advantage_200,1994_04_E,25,10,25,usa,Hermie_Sadler,Hermie Sadler   (Busch),Virginia Is For Lovers,,Chevrolet,164,4350,crash,0,
1994,E,1994_Meridian_Advantage_200,1994_04_E,26,15,20,usa,Randy_LaJoie,Randy LaJoie   (Busch),Fina Lube,,Chevrolet,162,2840,engine,22,
1994,E,1994_Meridian_Advantage_200,1994_04_E,27,25,96,usa,Stevie_Reeves,Stevie Reeves   (Busch),Clabber Girl,,Chevrolet,155,2575,running,0,
1994,E,1994_Meridian_Advantage_200,1994_04_E,28,39,22,usa,Jeff_Barry,Jeff Barry,TAD Technical Institute,,Chevrolet,151,2450,crash,0,
1994,E,1994_Meridian_Advantage_200,1994_04_E,29,21,92,usa,Larry_Pearson,Larry Pearson   (Busch),Stanley Tools,,Chevrolet,123,2525,running,0,
1994,E,1994_Meridian_Advantage_200,1994_04_E,30,33,7,usa,Dale_Shaw,Dale Shaw,Skoal Racing / Cumberland Farms,,Pontiac,102,2400,rear end,0,
1994,E,1994_Meridian_Advantage_200,1994_04_E,31,13,74,usa,Johnny_Benson_Jr,"Johnny Benson, Jr.   (Busch)",Staff America,,Chevrolet,98,2475,engine,0,
1994,E,1994_Meridian_Advantage_200,1994_04_E,32,27,1,usa,Jeff_Neal,Jeff Neal   (Busch),Luxaire Heating & Air Conditioning,,Ford,96,1850,engine,0,
1994,E,1994_Meridian_Advantage_200,1994_04_E,33,8,63,usa,Jim_Bown,Jim Bown   (Busch),Lysol,,Chevrolet,88,4190,crash,25,
1994,E,1994_Meridian_Advantage_200,1994_04_E,34,38,0,usa,Robbie_Crouch,Robbie Crouch,Valvoline / Auto Palace,,Pontiac,79,2335,engine,0,
1994,E,1994_Meridian_Advantage_200,1994_04_E,35,17,99,usa,Robert_Pressley,Robert Pressley   (Busch),J & J Racing,,Chevrolet,72,2430,crash,0,
1994,E,1994_Meridian_Advantage_200,1994_04_E,36,35,76,usa,Tom_Bolles,Tom Bolles,Bolles Jeep-Eagle,,Chevrolet,69,2325,brakes,0,
1994,E,1994_Meridian_Advantage_200,1994_04_E,37,20,56,usa,Ronald_Cooper,Ronald Cooper   (Busch),Johnny Cotton,,Chevrolet,68,1825,crash,0,
1994,E,1994_Meridian_Advantage_200,1994_04_E,38,29,43,usa,Rodney_Combs,Rodney Combs   (Busch),French's Mustard,,Pontiac,60,2425,engine,0,
1994,E,1994_Meridian_Advantage_200,1994_04_E,39,37,09,usa,Tom_Rosati,Tom Rosati,Tic-Tac,,Oldsmobile,56,2325,crash,0,
1994,E,1994_Meridian_Advantage_200,1994_04_E,40,11,75,usa,Doug_Heveron,Doug Heveron   (Busch),Food Country USA,,Chevrolet,55,2425,crash,0,
1994,E,1994_Fisher_Snowplow_Minute_Mount_150,1994_05_E,1,5,15,usa,Andy_Santerre,Andy Santerre,O'Connor GMC / Sugarloaf USA,,Chevrolet,150,7400,running,71,180
1994,E,1994_Fisher_Snowplow_Minute_Mount_150,1994_05_E,2,6,98,usa,Keith_Lamell,Keith Lamell,Lamell Lumber,,Buick,150,3750,running,0,170
1994,E,1994_Fisher_Snowplow_Minute_Mount_150,1994_05_E,3,7,7,usa,Dale_Shaw,Dale Shaw,Skoal Racing / Cumberland Farms,,Pontiac,150,2500,running,0,165
1994,E,1994_Fisher_Snowplow_Minute_Mount_150,1994_05_E,4,18,34,usa,Glenn_Sullivan,Glenn Sullivan,Christy's Markets,,Chevrolet,150,1625,running,0,160
1994,E,1994_Fisher_Snowplow_Minute_Mount_150,1994_05_E,5,11,0,usa,Dick_McCabe,Dick McCabe,Fisher Snowplows / R.H. Long,,Pontiac,150,2325,running,0,155
1994,E,1994_Fisher_Snowplow_Minute_Mount_150,1994_05_E,6,12,23,usa,Jerry_Marquis,Jerry Marquis,Northeast Transport Group,,Buick,150,1900,running,0,150
1994,E,1994_Fisher_Snowplow_Minute_Mount_150,1994_05_E,7,4,22,usa,Jeff_Barry,Jeff Barry,Barry & Associates,,Chevrolet,150,1395,running,0,146
1994,E,1994_Fisher_Snowplow_Minute_Mount_150,1994_05_E,8,14,76,usa,Tom_Bolles,Tom Bolles,Bolles Racing,,Buick,150,1220,running,0,142
1994,E,1994_Fisher_Snowplow_Minute_Mount_150,1994_05_E,9,8,56,usa,Martin_Truex,Martin Truex,Blount Seafood,,Oldsmobile,150,1100,running,0,138
1994,E,1994_Fisher_Snowplow_Minute_Mount_150,1994_05_E,10,3,16,usa,Stub_Fadden,Stub Fadden,Fadden Racing,,Buick,150,980,running,0,134
1994,E,1994_Fisher_Snowplow_Minute_Mount_150,1994_05_E,11,24,38,usa,Babe_Branscombe,Babe Branscombe,Racing Capital,,Chevrolet,149,910,running,0,130
1994,E,1994_Fisher_Snowplow_Minute_Mount_150,1994_05_E,12,10,94,usa,Steve_Hoddick,Steve Hoddick,Equity Pace,,Ford,149,840,running,0,127
1994,E,1994_Fisher_Snowplow_Minute_Mount_150,1994_05_E,13,2,09,usa,Tom_Rosati,Tom Rosati,Tic-Tac,,Oldsmobile,149,1080,running,45,124
1994,E,1994_Fisher_Snowplow_Minute_Mount_150,1994_05_E,14,17,6,usa,Robbie_Crouch,Robbie Crouch,Auto Palace,,Pontiac,149,995,running,0,121
1994,E,1994_Fisher_Snowplow_Minute_Mount_150,1994_05_E,15,21,31,canada,Rollie_MacDonald,Rollie MacDonald,King Freight Lines,,Oldsmobile,149,710,running,0,118
1994,E,1994_Fisher_Snowplow_Minute_Mount_150,1994_05_E,16,16,25,usa,John_Swanson,John Swanson,New England Pontiac Dealers,,Pontiac,149,690,running,0,115
1994,E,1994_Fisher_Snowplow_Minute_Mount_150,1994_05_E,17,20,41,usa,Jamie_Aube,Jamie Aube,Budweiser,,Chevrolet,148,670,running,0,112
1994,E,1994_Fisher_Snowplow_Minute_Mount_150,1994_05_E,18,22,3,usa,Randy_Snyder,Randy Snyder,Canal Country,,Chevrolet,148,470,running,0,109
1994,E,1994_Fisher_Snowplow_Minute_Mount_150,1994_05_E,19,1,71,usa,Bobby_Dragon,Bobby Dragon,Talarico Dealerships / Tubbs Snowshoes,,Chevrolet,148,640,running,35,106
1994,E,1994_Fisher_Snowplow_Minute_Mount_150,1994_05_E,20,15,47,usa,Kelly_Moore,Kelly Moore,Jordan Lumber / Pennzoil,,Chevrolet,147,620,running,0,103
1994,E,1994_Fisher_Snowplow_Minute_Mount_150,1994_05_E,21,26,70,usa,Jim_Boardman,Jim Boardman,Boardman Motorsports,,Pontiac,147,440,running,0,100
1994,E,1994_Fisher_Snowplow_Minute_Mount_150,1994_05_E,22,27,17,usa,Bob_Brunell,Bob Brunell,Brunell Asphalt,,Pontiac,146,580,running,0,97
1994,E,1994_Fisher_Snowplow_Minute_Mount_150,1994_05_E,23,28,69,usa,Jeff_Spraker,Jeff Spraker,WFE Challenge,,Oldsmobile,144,570,running,0,94
1994,E,1994_Fisher_Snowplow_Minute_Mount_150,1994_05_E,24,13,8,usa,Jeff_Zuidema,Jeff Zuidema,Ocean Spray,,Pontiac,143,410,running,0,91
1994,E,1994_Fisher_Snowplow_Minute_Mount_150,1994_05_E,25,9,1,usa,John_Preston,John Preston,Wyalusing Hotel,,Oldsmobile,130,550,running,0,88
1994,E,1994_Fisher_Snowplow_Minute_Mount_150,1994_05_E,26,23,21,usa,Eric_Bodine,Eric Bodine,Snack King,,Chevrolet,125,400,running,0,85
1994,E,1994_Fisher_Snowplow_Minute_Mount_150,1994_05_E,27,25,99,usa,Steve_Nowakowski,Steve Nowakowski,Classic Auto,,Chevrolet,72,400,oil leak,0,82
1994,E,1994_Fisher_Snowplow_Minute_Mount_150,1994_05_E,28,19,24,usa,Carleton_Robie,Carleton Robie,Robie Racing,,Pontiac,25,550,radiator,0,79
1994,E,1994_Busch_150_%28May_28%29,1994_06_E,1,1,1,usa,John_Preston,John Preston,Wyalusing Hotel,,Oldsmobile,150,8000,running,94,180
1994,E,1994_Busch_150_%28May_28%29,1994_06_E,2,2,0,usa,Dick_McCabe,Dick McCabe,Fisher Snowplows / R.H. Long,,Pontiac,150,4850,running,56,170
1994,E,1994_Busch_150_%28May_28%29,1994_06_E,3,4,71,usa,Bobby_Dragon,Bobby Dragon,Talarico Dealerships / Tubbs Snowshoes,,Chevrolet,150,2900,running,0,165
1994,E,1994_Busch_150_%28May_28%29,1994_06_E,4,3,47,usa,Kelly_Moore,Kelly Moore,Jordan Lumber / Pennzoil,,Chevrolet,150,1725,running,0,160
1994,E,1994_Busch_150_%28May_28%29,1994_06_E,5,7,15,usa,Andy_Santerre,Andy Santerre,O'Connor GMC / Sugarloaf USA,,Chevrolet,150,1600,running,0,155
1994,E,1994_Busch_150_%28May_28%29,1994_06_E,6,13,7,usa,Dale_Shaw,Dale Shaw,Skoal Racing / Cumberland Farms,,Pontiac,150,1740,running,0,150
1994,E,1994_Busch_150_%28May_28%29,1994_06_E,7,12,98,usa,Keith_Lamell,Keith Lamell,Lamell Lumber,,Chevrolet,150,1320,running,0,146
1994,E,1994_Busch_150_%28May_28%29,1994_06_E,8,6,16,usa,Stub_Fadden,Stub Fadden,Team NAPA Auto Parts,,Buick,150,1200,running,0,142
1994,E,1994_Busch_150_%28May_28%29,1994_06_E,9,12,25,usa,John_Swanson,John Swanson,New England Pontiac Dealers,,Pontiac,150,1240,running,0,138
1994,E,1994_Busch_150_%28May_28%29,1994_06_E,10,11,61,usa,Mike_Olsen,Mike Olsen,Olsen Racing,,Buick,150,720,running,0,134
1994,E,1994_Busch_150_%28May_28%29,1994_06_E,11,21,41,usa,Jamie_Aube,Jamie Aube,Budweiser,,Chevrolet,149,910,running,0,130
1994,E,1994_Busch_150_%28May_28%29,1994_06_E,12,14,76,usa,Tom_Bolles,Tom Bolles,Bolles Racing,,Buick,149,840,running,0,127
1994,E,1994_Busch_150_%28May_28%29,1994_06_E,13,20,38,usa,Babe_Branscombe,Babe Branscombe,"Concord, N.H. / Racing Capital",,Chevrolet,149,780,running,0,124
1994,E,1994_Busch_150_%28May_28%29,1994_06_E,14,15,6,usa,Robbie_Crouch,Robbie Crouch,Auto Palace / Valvoline,,Pontiac,149,745,running,0,121
1994,E,1994_Busch_150_%28May_28%29,1994_06_E,15,10,22,usa,Jeff_Barry,Jeff Barry,TAD Technical / WCLB,,Chevrolet,148,700,running,0,118
1994,E,1994_Busch_150_%28May_28%29,1994_06_E,16,16,24,usa,Carleton_Robie,Carleton Robie,Robie Racing,,Pontiac,148,690,running,0,115
1994,E,1994_Busch_150_%28May_28%29,1994_06_E,17,24,23,usa,Jerry_Marquis,Jerry Marquis,Northeast Transport Group,,Buick,148,670,running,0,112
1994,E,1994_Busch_150_%28May_28%29,1994_06_E,18,18,8,usa,Jeff_Zuidema,Jeff Zuidema,Ocean Spray,,Pontiac,147,475,running,0,109
1994,E,1994_Busch_150_%28May_28%29,1994_06_E,19,17,94,usa,Steve_Hoddick,Steve Hoddick,Equity Pace,,Ford,147,650,running,0,106
1994,E,1994_Busch_150_%28May_28%29,1994_06_E,20,9,56,usa,Martin_Truex,Martin Truex,Blount Seafood,,Oldsmobile,146,635,running,0,103
1994,E,1994_Busch_150_%28May_28%29,1994_06_E,21,22,3,usa,Randy_Snyder,Randy Snyder,Canal Country,,Chevrolet,144,460,running,0,100
1994,E,1994_Busch_150_%28May_28%29,1994_06_E,22,27,70,usa,Jim_Boardman,Jim Boardman,Boardman Motorsports,,Pontiac,137,455,running,0,97
1994,E,1994_Busch_150_%28May_28%29,1994_06_E,23,26,86,usa,Anthony_Rainone,Anthony Rainone,HMA Car Care,,Pontiac,135,450,running,0,94
1994,E,1994_Busch_150_%28May_28%29,1994_06_E,24,19,69,usa,Jeff_Spraker,Jeff Spraker,WFE Challenge,,Oldsmobile,121,610,running,0,91
1994,E,1994_Busch_150_%28May_28%29,1994_06_E,25,25,17,usa,Bob_Brunell,Bob Brunell,Brunell Asphalt,,Pontiac,73,600,brakes,0,88
1994,E,1994_Busch_150_%28May_28%29,1994_06_E,26,8,34,usa,Glenn_Sullivan,Glenn Sullivan,Christy's Markets,,Chevrolet,18,600,rear axle,0,85
1994,E,1994_Busch_150_%28May_28%29,1994_06_E,27,5,09,usa,Tom_Rosati,Tom Rosati,Tic-Tac,,Oldsmobile,9,600,clutch,0,82
1994,E,1994_Watkins_Glen_125,1994_07_E,1,1,91,usa,Butch_Leitzinger,Butch Leitzinger,Fastcolor Auto Art,,Ford,51,12000,running,39,180
1994,E,1994_Watkins_Glen_125,1994_07_E,2,9,53,usa,Greg_Clark,Greg Clark,Clark Racing Partners,,Chevrolet,51,5775,running,0,170
1994,E,1994_Watkins_Glen_125,1994_07_E,3,2,7,usa,Dale_Shaw,Dale Shaw,Skoal Racing / Cumberland Farms,,Pontiac,51,5050,running,0,165
1994,E,1994_Watkins_Glen_125,1994_07_E,4,18,4,usa,Bryan_Goewey,Bryan Goewey,Primetime Vans,,Oldsmobile,51,3700,running,0,160
1994,E,1994_Watkins_Glen_125,1994_07_E,5,3,47,usa,Kelly_Moore,Kelly Moore,Jordan Lumber / Pennzoil,,Chevrolet,51,3200,running,0,155
1994,E,1994_Watkins_Glen_125,1994_07_E,6,29,1,usa,John_Preston,John Preston,Wyalusing Hotel / Clark Concrete,,Oldsmobile,51,3250,running,0,150
1994,E,1994_Watkins_Glen_125,1994_07_E,7,19,76,usa,Tom_Bolles,Tom Bolles,Bolles Racing,,Chevrolet,51,2800,running,0,146
1994,E,1994_Watkins_Glen_125,1994_07_E,8,33,16,usa,Stub_Fadden,Stub Fadden,Team NAPA,,Buick,51,2600,running,0,142
1994,E,1994_Watkins_Glen_125,1994_07_E,9,11,98,usa,Keith_Lamell,Keith Lamell,Lamell Lumber,,Buick,50,2400,running,0,138
1994,E,1994_Watkins_Glen_125,1994_07_E,10,14,56,usa,Martin_Truex,Martin Truex,Blount Seafood,,Oldsmobile,50,2200,running,7,134
1994,E,1994_Watkins_Glen_125,1994_07_E,11,8,15,usa,Andy_Santerre,Andy Santerre,O'Connor GMC / Sugarloaf USA,,Chevrolet,50,2100,running,0,130
1994,E,1994_Watkins_Glen_125,1994_07_E,12,20,23,usa,Jerry_Marquis,Jerry Marquis,Northeast Transport Group,,Buick,50,2000,running,0,127
1994,E,1994_Watkins_Glen_125,1994_07_E,13,30,17,usa,Bob_Brunell,Bob Brunell,Brunell Asphalt,,Pontiac,49,2300,running,0,124
1994,E,1994_Watkins_Glen_125,1994_07_E,14,32,38,usa,Babe_Branscombe,Babe Branscombe,Racing Capital / Banks,,Chevrolet,49,1800,running,0,121
1994,E,1994_Watkins_Glen_125,1994_07_E,15,34,03,canada,A_J_Parker,A.J. Parker,Baseline Golf Course,,Oldsmobile,48,1900,running,0,118
1994,E,1994_Watkins_Glen_125,1994_07_E,16,4,71,usa,Bobby_Dragon,Bobby Dragon,Talarico Dealerships / Tubbs Snowshoes,,Chevrolet,48,1700,running,0,115
1994,E,1994_Watkins_Glen_125,1994_07_E,17,27,22,usa,Jeff_Barry,Jeff Barry,TAD Technical / WCLB,,Chevrolet,47,1650,crash,0,112
1994,E,1994_Watkins_Glen_125,1994_07_E,18,16,41,usa,Jamie_Aube,Jamie Aube,Budweiser,,Pontiac,46,1600,running,0,109
1994,E,1994_Watkins_Glen_125,1994_07_E,19,28,86,usa,Anthony_Rainone,Anthony Rainone,HMA Car Care,,Pontiac,44,1175,crash,5,106
1994,E,1994_Watkins_Glen_125,1994_07_E,20,21,21,usa,Eric_Bodine,Eric Bodine,Snack King,,Chevrolet,44,1150,crash,0,103
1994,E,1994_Watkins_Glen_125,1994_07_E,21,37,34,usa,Glenn_Sullivan,Glenn Sullivan,Christy's Markets,,Chevrolet,43,1525,crash,0,100
1994,E,1994_Watkins_Glen_125,1994_07_E,22,6,97,usa,Joe_Bessey,Joe Bessey,Auto Palace / AC Delco,,Chevrolet,43,1000,running,0,97
1994,E,1994_Watkins_Glen_125,1994_07_E,23,23,25,usa,John_Swanson,John Swanson,New England Pontiac Dealers,,Pontiac,36,1475,engine,0,94
1994,E,1994_Watkins_Glen_125,1994_07_E,24,5,49,usa,Ed_Ferree,Ed Ferree,Frankland Racing Supplies,,Buick,34,1050,brakes,0,91
1994,E,1994_Watkins_Glen_125,1994_07_E,25,17,69,usa,Jeff_Spraker,Jeff Spraker,WFE Challenge,,Oldsmobile,34,1425,running,0,88
1994,E,1994_Watkins_Glen_125,1994_07_E,26,26,3,usa,Randy_Snyder,Randy Snyder,Canal Country,,Chevrolet,33,1000,running,0,85
1994,E,1994_Watkins_Glen_125,1994_07_E,27,22,8,usa,Jeff_Zuidema,Jeff Zuidema,Ocean Spray,,Pontiac,31,1400,engine,0,82
1994,E,1994_Watkins_Glen_125,1994_07_E,28,35,79,usa,Frank_Sanchez,Frank Sanchez,Banana Boat,,Chevrolet,28,1000,rear axle,0,79
1994,E,1994_Watkins_Glen_125,1994_07_E,29,25,94,usa,Steve_Hoddick,Steve Hoddick,Equity Pace,,Ford,20,1400,rear axle,0,76
1994,E,1994_Watkins_Glen_125,1994_07_E,30,31,6,usa,Robbie_Crouch,Robbie Crouch,Auto Palace / Valvoline,,Pontiac,15,1400,engine,0,73
1994,E,1994_Watkins_Glen_125,1994_07_E,31,10,14,usa,Mike_Stefanik,Mike Stefanik,Auto Palace / Sunoco Ultra,,Chevrolet,10,1400,dry sump,0,70
1994,E,1994_Watkins_Glen_125,1994_07_E,32,7,0,usa,Dick_McCabe,Dick McCabe,Fisher Snowplows / R.H. Long,,Pontiac,10,1400,engine,0,67
1994,E,1994_Watkins_Glen_125,1994_07_E,33,13,04,usa,Ken_Wallace_Jr,"Ken Wallace, Jr.",T.G.I. Friday's,,Chevrolet,9,1000,transmission,0,64
1994,E,1994_Watkins_Glen_125,1994_07_E,34,24,61,usa,Mike_Olsen,Mike Olsen,Olsen Racing,,Buick,5,1400,oil leak,0,61
1994,E,1994_Watkins_Glen_125,1994_07_E,35,15,09,usa,Tom_Rosati,Tom Rosati,Tic-Tac,,Oldsmobile,2,1400,engine,0,58
1994,E,1994_Watkins_Glen_125,1994_07_E,36,12,13,usa,Ted_Christopher,Ted Christopher,Bumper to Bumper Auto Parts,,Oldsmobile,0,1000,ignition,0,55
1994,E,1994_Watkins_Glen_125,1994_07_E,37,36,18,usa,Scott_Deware,Scott Deware,Original Sports Saloon,,Chevrolet,0,,did not start,0,52
1994,E,1994_Chevy_200,1994_08_E,1,4,16,usa,Stub_Fadden,Stub Fadden,Fadden Racing,,Buick,200,5275,running,148,180
1994,E,1994_Chevy_200,1994_08_E,2,8,6,usa,Robbie_Crouch,Robbie Crouch,Auto Palace / Valvoline,,Pontiac,200,5625,running,0,170
1994,E,1994_Chevy_200,1994_08_E,3,14,7,usa,Dale_Shaw,Dale Shaw,Skoal Racing / Cumberland Farms,,Pontiac,200,4150,running,0,165
1994,E,1994_Chevy_200,1994_08_E,4,5,15,usa,Andy_Santerre,Andy Santerre,O'Connor GMC / Sugarloaf USA,,Chevrolet,200,2475,running,0,160
1994,E,1994_Chevy_200,1994_08_E,5,11,56,usa,Martin_Truex,Martin Truex,Blount Seafood,,Oldsmobile,200,2126,running,11,155
1994,E,1994_Chevy_200,1994_08_E,6,10,23,usa,Jerry_Marquis,Jerry Marquis,Northeast Transport Group,,Buick,200,2090,running,0,150
1994,E,1994_Chevy_200,1994_08_E,7,2,47,usa,Kelly_Moore,Kelly Moore,Jordan Lumber / Pennzoil,,Chevrolet,200,1470,running,41,146
1994,E,1994_Chevy_200,1994_08_E,8,9,76,usa,Tom_Bolles,Tom Bolles,Bolles Racing,,Buick,200,1400,running,0,142
1994,E,1994_Chevy_200,1994_08_E,9,12,42,usa,Andy_Hillenburg,Andy Hillenburg,Kwik-Way Van Lines,,Chevrolet,199,1050,running,0,138
1994,E,1994_Chevy_200,1994_08_E,10,7,0,usa,Dick_McCabe,Dick McCabe,Fisher Snowplows / R.H. Long,,Pontiac,199,1580,running,0,134
1994,E,1994_Chevy_200,1994_08_E,11,28,94,usa,Steve_Hoddick,Steve Hoddick,Equity Pace,,Ford,199,1410,running,0,130
1994,E,1994_Chevy_200,1994_08_E,12,17,1,usa,John_Preston,John Preston,Wyalusing Hotel / Clark Concrete,,Oldsmobile,198,1090,running,0,127
1994,E,1994_Chevy_200,1994_08_E,13,18,17,usa,Bob_Brunell,Bob Brunell,Brunell Asphalt,,Pontiac,198,1030,running,0,124
1994,E,1994_Chevy_200,1994_08_E,14,13,25,usa,John_Swanson,John Swanson,New England Pontiac Dealers,,Pontiac,197,970,running,0,121
1994,E,1994_Chevy_200,1994_08_E,15,23,04,usa,Ken_Wallace_Jr,"Ken Wallace, Jr.",T.G.I. Friday's,,Chevrolet,197,1035,running,0,118
1994,E,1994_Chevy_200,1994_08_E,16,27,70,usa,Jim_Boardman,Jim Boardman,Boardman Motorsports,,Pontiac,196,950,running,0,115
1994,E,1994_Chevy_200,1994_08_E,17,15,41,usa,Jamie_Aube,Jamie Aube,Budweiser,,Chevrolet,196,790,running,0,112
1994,E,1994_Chevy_200,1994_08_E,18,20,3,usa,Randy_Snyder,Randy Snyder,Canal Country,,Chevrolet,196,580,running,0,109
1994,E,1994_Chevy_200,1994_08_E,19,29,27,usa,Paul_Spencer,Paul Spencer,Riverside Restaurant,,Chevrolet,193,570,running,0,106
1994,E,1994_Chevy_200,1994_08_E,20,16,34,usa,Glenn_Sullivan,Glenn Sullivan,Christy's Markets,,Chevrolet,164,755,running,0,103
1994,E,1994_Chevy_200,1994_08_E,21,25,69,usa,Jeff_Spraker,Jeff Spraker,WFE Challenge,,Oldsmobile,158,710,running,0,100
1994,E,1994_Chevy_200,1994_08_E,22,6,71,usa,Bobby_Dragon,Bobby Dragon,Talarico Dealerships / Tubbs Snowshoes,,Chevrolet,150,685,rocker arm,0,97
1994,E,1994_Chevy_200,1994_08_E,23,26,9,usa,Russ_Galindo,Russ Galindo,L&M Larjo Construction,,Pontiac,104,510,engine,0,94
1994,E,1994_Chevy_200,1994_08_E,24,21,99,usa,Steve_Nowakowski,Steve Nowakowski,Classic Auto,,Chevrolet,66,490,rear axle,0,91
1994,E,1994_Chevy_200,1994_08_E,25,3,98,usa,Keith_Lamell,Keith Lamell,Lamell Lumber,,Buick,42,610,crash,0,88
1994,E,1994_Chevy_200,1994_08_E,26,1,09,usa,Tom_Rosati,Tom Rosati,Tic-Tac,,Oldsmobile,41,900,crash,0,85
1994,E,1994_Chevy_200,1994_08_E,27,19,38,usa,Babe_Branscombe,Babe Branscombe,"Concord, N.H. - The Racing Capital",,Chevrolet,41,600,crash,0,82
1994,E,1994_Chevy_200,1994_08_E,28,22,96,usa,Pat_Davison,Pat Davison,Davison Racing,,Chevrolet,40,450,crash,0,79
1994,E,1994_Chevy_200,1994_08_E,29,24,21,usa,Eric_Bodine,Eric Bodine,Snack King,,Chevrolet,15,450,rocker arm,0,76
1994,E,1994_Chevy_200,1994_08_E,30,30,49,usa,Jeff_Barry,Jeff Barry,Equity Pace,,Pontiac,1,450,suspension,0,73
1994,E,1994_Star_150,1994_09_E,1,1,47,usa,Kelly_Moore,Kelly Moore,Jordan Lumber / Pennzoil,,Chevrolet,154,8200,running,154,180
1994,E,1994_Star_150,1994_09_E,2,6,6,usa,Robbie_Crouch,Robbie Crouch,Auto Palace / Valvoline,,Pontiac,154,4150,running,0,170
1994,E,1994_Star_150,1994_09_E,3,18,7,usa,Dale_Shaw,Dale Shaw,Skoal Racing / Cumberland Farms,,Pontiac,154,3050,running,0,165
1994,E,1994_Star_150,1994_09_E,4,15,71,usa,Bobby_Dragon,Bobby Dragon,Talarico Dealerships / Tubbs Snowshoes,,Chevrolet,154,1825,running,0,160
1994,E,1994_Star_150,1994_09_E,5,3,38,usa,Babe_Branscombe,Babe Branscombe,"Concord, N.H. - The Racing Capital",,Chevrolet,154,1450,running,0,155
1994,E,1994_Star_150,1994_09_E,6,5,15,usa,Andy_Santerre,Andy Santerre,O'Connor GMC / Sugarloaf USA,,Chevrolet,154,1340,running,0,150
1994,E,1994_Star_150,1994_09_E,7,11,34,usa,Glenn_Sullivan,Glenn Sullivan,Christy's Markets,,Chevrolet,154,1220,running,0,146
1994,E,1994_Star_150,1994_09_E,8,12,94,usa,Steve_Hoddick,Steve Hoddick,Equity Pace,,Ford,154,1150,running,0,142
1994,E,1994_Star_150,1994_09_E,9,20,76,usa,Tom_Bolles,Tom Bolles,Bolles Racing,,Buick,154,1180,running,0,138
1994,E,1994_Star_150,1994_09_E,10,17,23,usa,Jerry_Marquis,Jerry Marquis,Northeast Transport Group,,Buick,154,1510,running,0,134
1994,E,1994_Star_150,1994_09_E,11,14,0,usa,Dick_McCabe,Dick McCabe,Fisher Snowplows / R.H. Long,,Pontiac,154,1140,running,0,130
1994,E,1994_Star_150,1994_09_E,12,13,24,usa,Carleton_Robie,Carleton Robie,Robie Racing,,Pontiac,154,650,running,0,127
1994,E,1994_Star_150,1994_09_E,13,8,22,usa,Jeff_Barry,Jeff Barry,TAD Technical / WCLB,,Chevrolet,153,830,running,0,124
1994,E,1994_Star_150,1994_09_E,14,3,29,usa,Dave_Dion,Dave Dion,Berlin City Ford / Continental Paving,,Ford,153,550,running,0,121
1994,E,1994_Star_150,1994_09_E,15,23,54,usa,GeGe_Gravel,GeGe Gravel,Downeast Drilling,,Oldsmobile,152,500,running,0,118
1994,E,1994_Star_150,1994_09_E,16,16,41,usa,Jamie_Aube,Jamie Aube,Budweiser,,Chevrolet,151,695,running,0,115
1994,E,1994_Star_150,1994_09_E,17,21,17,usa,Bob_Brunell,Bob Brunell,Brunell Asphalt,,Pontiac,151,660,running,0,112
1994,E,1994_Star_150,1994_09_E,18,24,86,usa,Anthony_Rainone,Anthony Rainone,HMA Car Care,,Pontiac,151,625,running,0,109
1994,E,1994_Star_150,1994_09_E,19,7,98,usa,Keith_Lamell,Keith Lamell,Lamell Lumber,,Buick,149,590,running,0,106
1994,E,1994_Star_150,1994_09_E,20,4,25,usa,John_Swanson,John Swanson,New England Pontiac Dealers,,Pontiac,149,570,running,0,103
1994,E,1994_Star_150,1994_09_E,21,26,69,usa,Jeff_Spraker,Jeff Spraker,WFE Challenge,,Oldsmobile,146,550,running,0,100
1994,E,1994_Star_150,1994_09_E,22,19,16,usa,Stub_Fadden,Stub Fadden,Team NAPA,,Buick,145,530,running,0,97
1994,E,1994_Star_150,1994_09_E,23,10,09,usa,Tom_Rosati,Tom Rosati,Tic-Tac,,Oldsmobile,105,510,crash,0,94
1994,E,1994_Star_150,1994_09_E,24,9,56,usa,Martin_Truex,Martin Truex,Blount Seafood,,Oldsmobile,84,500,leaking,0,91
1994,E,1994_Star_150,1994_09_E,25,22,9,usa,Joe_Bessey,Joe Bessey,Auto Palace / AC Delco,,Chevrolet,67,350,crash,0,88
1994,E,1994_Star_150,1994_09_E,26,25,1,usa,John_Preston,John Preston,Wyalusing Hotel / Clark Concrete,,Oldsmobile,38,500,crash,0,85
1994,E,1994_Fays_150,1994_10_E,1,21,14,usa,Terry_Labonte,Terry Labonte   (Busch),MW Windows,,Chevrolet,62,17850,running,43,
1994,E,1994_Fays_150,1994_10_E,2,9,08,usa,Bobby_Dotter,Bobby Dotter   (Busch),DeWalt Industrial Tools,,Chevrolet,62,11306,running,0,
1994,E,1994_Fays_150,1994_10_E,3,13,72,usa,Tracy_Leslie,Tracy Leslie   (Busch),Detroit Gasket,,Chevrolet,62,10681,running,1,
1994,E,1994_Fays_150,1994_10_E,4,3,44,usa,David_Green,David Green   (Busch),Slim Jim,,Chevrolet,62,9106,running,0,
1994,E,1994_Fays_150,1994_10_E,5,6,25,usa,Hermie_Sadler,Hermie Sadler   (Busch),Virginia Is For Lovers,,Chevrolet,62,7781,running,0,
1994,E,1994_Fays_150,1994_10_E,6,7,99,usa,Robert_Pressley,Robert Pressley   (Busch),J & J Racing,,Chevrolet,62,5206,running,0,
1994,E,1994_Fays_150,1994_10_E,7,1,2,usa,Ricky_Craven,Ricky Craven   (Busch),DuPont Refinishes,,Chevrolet,62,6481,running,11,
1994,E,1994_Fays_150,1994_10_E,8,12,23,usa,Chad_Little,Chad Little   (Busch),Bayer Select,,Ford,62,4481,running,0,
1994,E,1994_Fays_150,1994_10_E,9,11,92,usa,Larry_Pearson,Larry Pearson   (Busch),Stanley Tools,,Chevrolet,62,4231,running,0,
1994,E,1994_Fays_150,1994_10_E,10,35,46,usa,Shawna_Robinson,Shawna Robinson   (Busch),Polaroid,,Chevrolet,62,3000,running,0,
1994,E,1994_Fays_150,1994_10_E,11,23,43,usa,Rodney_Combs,Rodney Combs   (Busch),French's Mustard,,Pontiac,62,3781,running,0,
1994,E,1994_Fays_150,1994_10_E,12,14,20,usa,Randy_LaJoie,Randy LaJoie   (Busch),Fina Lube,,Chevrolet,62,3481,running,0,
1994,E,1994_Fays_150,1994_10_E,13,2,7,usa,Dale_Shaw,Dale Shaw,Skoal Racing / Cumberland Farms,,Pontiac,62,3725,running,0,
1994,E,1994_Fays_150,1994_10_E,14,17,59,usa,Dennis_Setzer,Dennis Setzer   (Busch),Alliance Training Centers,,Chevrolet,62,5556,running,0,
1994,E,1994_Fays_150,1994_10_E,15,26,71,usa,Kevin_Lepage,Kevin Lepage   (Busch),Vermont Teddy Bear,,Chevrolet,62,2625,running,0,
1994,E,1994_Fays_150,1994_10_E,16,29,04,usa,Ken_Wallace_Jr,"Ken Wallace, Jr.",TGI Fridays,,Chevrolet,61,3525,running,0,
1994,E,1994_Fays_150,1994_10_E,17,4,47,usa,Kelly_Moore,Kelly Moore,Jordan Lumber,,Chevrolet,61,3475,running,0,
1994,E,1994_Fays_150,1994_10_E,18,31,31,usa,Steve_Grissom,Steve Grissom   (Busch),Channellock,,Chevrolet,61,2825,running,0,
1994,E,1994_Fays_150,1994_10_E,19,19,34,usa,Mike_McLaughlin,Mike McLaughlin   (Busch),Fiddle Faddle,,Chevrolet,61,4531,running,0,
1994,E,1994_Fays_150,1994_10_E,20,38,40,usa,Patty_Moise,Patty Moise   (Busch),Dial / Purex,,Chevrolet,61,2075,running,0,
1994,E,1994_Fays_150,1994_10_E,21,30,79,usa,Dave_Rezendes,Dave Rezendes   (Busch),Lipton Tea,,Ford,61,2731,running,0,
1994,E,1994_Fays_150,1994_10_E,22,28,51,usa,Tom_Peck,Tom Peck   (Busch),Fay's Drug Stores,,Chevrolet,59,2025,running,0,
1994,E,1994_Fays_150,1994_10_E,23,24,9,usa,Mike_Wallace,Mike Wallace   (Busch),FDP Brakes,,Chevrolet,59,2681,running,0,
1994,E,1994_Fays_150,1994_10_E,24,10,55,usa,Tim_Fedewa,Tim Fedewa   (Busch),Luxaire Heating & Air Conditioning,,Ford,58,2631,running,0,
1994,E,1994_Fays_150,1994_10_E,25,5,8,usa,Kenny_Wallace,Kenny Wallace   (Busch),TIC Financial Systems,,Ford,57,3675,ignition,7,
1994,E,1994_Fays_150,1994_10_E,26,39,33,usa,Bobby_Labonte,Bobby Labonte   (Busch),Dentyne,,Pontiac,55,1900,engine,0,
1994,E,1994_Fays_150,1994_10_E,27,32,91,usa,Butch_Leitzinger,Butch Leitzinger,Hoss's Steak & Sea House,,Ford,54,1876,engine,0,
1994,E,1994_Fays_150,1994_10_E,28,22,57,usa,Jason_Keller,Jason Keller   (Busch),Budget Gourmet,,Chevrolet,52,2531,crash,0,
1994,E,1994_Fays_150,1994_10_E,29,25,35,usa,Randy_Porter,Randy Porter   (Busch),Cincinnati Milacron,,Chevrolet,51,2506,running,0,
1994,E,1994_Fays_150,1994_10_E,30,27,96,usa,Stevie_Reeves,Stevie Reeves   (Busch),Clabber Girl,,Chevrolet,50,2481,crash,0,
1994,E,1994_Fays_150,1994_10_E,31,36,41,usa,Johnny_Rumley,Johnny Rumley   (Busch),White House Apple Juice,,Ford,49,1775,running,0,
1994,E,1994_Fays_150,1994_10_E,32,18,63,usa,Jim_Bown,Jim Bown   (Busch),Lysol,,Chevrolet,38,4181,engine,0,
1994,E,1994_Fays_150,1994_10_E,33,16,74,usa,Johnny_Benson_Jr,"Johnny Benson, Jr.   (Busch)",Staff America,,Chevrolet,38,2406,running,0,
1994,E,1994_Fays_150,1994_10_E,34,34,87,usa,Joe_Nemechek,Joe Nemechek   (Busch),NEMCO Motorsports,,Chevrolet,36,1700,engine,0,
1994,E,1994_Fays_150,1994_10_E,35,20,38,usa,Elton_Sawyer,Elton Sawyer   (Busch),Ford Motor Credit,,Ford,30,4131,engine,0,
1994,E,1994_Fays_150,1994_10_E,36,37,4,usa,Sterling_Marlin,Sterling Marlin   (Busch),Kodak Funsaver,,Chevrolet,26,1700,engine,0,
1994,E,1994_Fays_150,1994_10_E,37,33,29,usa,Phil_Parsons,Phil Parsons   (Busch),Matchbox,,Oldsmobile,21,1700,transmission,0,
1994,E,1994_Fays_150,1994_10_E,38,15,56,usa,Martin_Truex,Martin Truex,Blount Seafood,,Chevrolet,13,2700,engine,0,
1994,E,1994_Fays_150,1994_10_E,39,8,1,usa,Andy_Santerre,Andy Santerre,Primetime Luxury Vans,,Oldsmobile,4,2700,transmission,0,
1994,E,1994_Auto_Palace_Slick_50_150,1994_11_E,1,2,56,usa,Martin_Truex,Martin Truex,Blount Seafood,,Oldsmobile,150,19700,running,82,180
1994,E,1994_Auto_Palace_Slick_50_150,1994_11_E,2,22,15,usa,Andy_Santerre,Andy Santerre,O'Connor GMC / Sugarloaf USA,,Chevrolet,150,11750,running,0,170
1994,E,1994_Auto_Palace_Slick_50_150,1994_11_E,3,25,16,usa,Stub_Fadden,Stub Fadden,Team NAPA,,Buick,150,6150,running,0,165
1994,E,1994_Auto_Palace_Slick_50_150,1994_11_E,4,35,0,usa,Dick_McCabe,Dick McCabe,Fisher Snowplows / R.H. Long,,Pontiac,150,6200,running,7,160
1994,E,1994_Auto_Palace_Slick_50_150,1994_11_E,5,31,6,usa,Robbie_Crouch,Robbie Crouch,Auto Palace / Valvoline,,Pontiac,150,4675,running,0,155
1994,E,1994_Auto_Palace_Slick_50_150,1994_11_E,6,8,09,usa,Tom_Rosati,Tom Rosati,Tic-Tac,,Oldsmobile,150,3500,running,33,150
1994,E,1994_Auto_Palace_Slick_50_150,1994_11_E,7,41,7,usa,Dale_Shaw,Dale Shaw,Skoal Racing / Cumberland Farms,,Pontiac,150,3450,running,0,146
1994,E,1994_Auto_Palace_Slick_50_150,1994_11_E,8,5,98,usa,Keith_Lamell,Keith Lamell,Lamell Lumber,,Buick,150,2750,running,0,142
1994,E,1994_Auto_Palace_Slick_50_150,1994_11_E,9,19,51,usa,Ken_Schrader,Ken Schrader,H & H Motorsports,,Chevrolet,150,2000,running,6,138
1994,E,1994_Auto_Palace_Slick_50_150,1994_11_E,10,24,22,usa,Jeff_Barry,Jeff Barry,TAD Technical / WCLB,,Chevrolet,150,2600,running,0,134
1994,E,1994_Auto_Palace_Slick_50_150,1994_11_E,11,17,41,usa,Jamie_Aube,Jamie Aube,Budweiser,,Chevrolet,150,2300,running,0,130
1994,E,1994_Auto_Palace_Slick_50_150,1994_11_E,12,28,29,usa,Dave_Dion,Dave Dion,Berlin City Ford / Continental Paving,,Ford,150,1700,running,0,127
1994,E,1994_Auto_Palace_Slick_50_150,1994_11_E,13,12,75,usa,Peter_Daniels,Peter Daniels,RSD Motorsports,,Buick,150,1600,running,0,124
1994,E,1994_Auto_Palace_Slick_50_150,1994_11_E,14,33,38,usa,Babe_Branscombe,Babe Branscombe,"Concord, N.H. - The Racing Capital",,Chevrolet,150,2000,running,0,121
1994,E,1994_Auto_Palace_Slick_50_150,1994_11_E,15,30,53,usa,Greg_Clark,Greg Clark,Chatham Fuel,,Chevrolet,150,1550,running,0,118
1994,E,1994_Auto_Palace_Slick_50_150,1994_11_E,16,32,9,usa,Pete_Rondeau,Pete Rondeau,Stinson Racing,,Pontiac,150,1350,running,0,115
1994,E,1994_Auto_Palace_Slick_50_150,1994_11_E,17,11,99,usa,Steve_Nowakowski,Steve Nowakowski,Classic Auto,,Chevrolet,150,1800,running,0,112
1994,E,1994_Auto_Palace_Slick_50_150,1994_11_E,18,1,47,usa,Kelly_Moore,Kelly Moore,Jordan Lumber / Pennzoil,,Chevrolet,150,2075,running,22,109
1994,E,1994_Auto_Palace_Slick_50_150,1994_11_E,19,6,31,canada,Rollie_MacDonald,Rollie MacDonald,MacDonald Racing,,Oldsmobile,150,1200,running,0,106
1994,E,1994_Auto_Palace_Slick_50_150,1994_11_E,20,34,64,usa,Jimmy_Spencer,Jimmy Spencer,Dura Lube,,Chevrolet,150,1150,running,0,103
1994,E,1994_Auto_Palace_Slick_50_150,1994_11_E,21,26,42,usa,Andy_Hillenburg,Andy Hillenburg,Fast Track Racing School,,Chevrolet,150,1100,running,0,100
1994,E,1994_Auto_Palace_Slick_50_150,1994_11_E,22,29,13,usa,Ted_Christopher,Ted Christopher,Ballard's Restaurant,,Oldsmobile,149,1050,running,0,97
1994,E,1994_Auto_Palace_Slick_50_150,1994_11_E,23,16,73,usa,Brian_Ross_(1),Brian Ross,Clifton Mall / Gendron GMC,,Chevrolet,149,1000,running,0,94
1994,E,1994_Auto_Palace_Slick_50_150,1994_11_E,24,36,54,usa,GeGe_Gravel,GeGe Gravel,Downeast Drilling,,Oldsmobile,149,975,running,0,91
1994,E,1994_Auto_Palace_Slick_50_150,1994_11_E,25,21,77,usa,Chris_Aman,Chris Aman,Grappone,,Ford,149,900,running,0,88
1994,E,1994_Auto_Palace_Slick_50_150,1994_11_E,26,13,1,usa,John_Preston,John Preston,Williams Auto Group,,Oldsmobile,148,1350,running,0,85
1994,E,1994_Auto_Palace_Slick_50_150,1994_11_E,27,18,61,usa,Mike_Olsen,Mike Olsen,Team NAPA,,Buick,147,825,running,0,82
1994,E,1994_Auto_Palace_Slick_50_150,1994_11_E,28,38,04,usa,Ken_Wallace_Jr,"Ken Wallace, Jr.",T.G.I. Friday's,,Chevrolet,147,1300,running,0,79
1994,E,1994_Auto_Palace_Slick_50_150,1994_11_E,29,27,25,usa,John_Swanson,John Swanson,New England Pontiac Dealers,,Pontiac,146,1275,running,0,76
1994,E,1994_Auto_Palace_Slick_50_150,1994_11_E,30,14,34,usa,Glenn_Sullivan,Glenn Sullivan,Christy's Markets,,Chevrolet,145,1250,engine,0,73
1994,E,1994_Auto_Palace_Slick_50_150,1994_11_E,31,7,17,usa,Bob_Brunell,Bob Brunell,Brunell Asphalt,,Pontiac,144,1225,running,0,70
1994,E,1994_Auto_Palace_Slick_50_150,1994_11_E,32,4,71,usa,Bobby_Dragon,Bobby Dragon,Talarico Dealerships / Tubbs Snowshoes,,Chevrolet,143,1200,engine,0,67
1994,E,1994_Auto_Palace_Slick_50_150,1994_11_E,33,20,23,usa,Jerry_Marquis,Jerry Marquis,Temporary Environmental Technicians,,Buick,143,1175,running,0,64
1994,E,1994_Auto_Palace_Slick_50_150,1994_11_E,34,9,76,usa,Tom_Bolles,Tom Bolles,Bolles Motorsports,,Buick,127,1150,crash,0,61
1994,E,1994_Auto_Palace_Slick_50_150,1994_11_E,35,15,14,usa,Mike_Stefanik,Mike Stefanik,Auto Palace / Sunoco Ultra,,Chevrolet,121,650,rear axle,0,58
1994,E,1994_Auto_Palace_Slick_50_150,1994_11_E,36,10,19,usa,Mike_Wallace,Mike Wallace,Ocean Spray,,Chevrolet,116,650,crash,0,55
1994,E,1994_Auto_Palace_Slick_50_150,1994_11_E,37,3,97,usa,Joe_Bessey,Joe Bessey,Auto Palace / AC Delco,,Pontiac,115,650,rear axle,0,52
1994,E,1994_Auto_Palace_Slick_50_150,1994_11_E,38,44,8,usa,Jeff_Zuidema,Jeff Zuidema,Ocean Spray,,Pontiac,107,650,engine,0,49
1994,E,1994_Auto_Palace_Slick_50_150,1994_11_E,39,37,4,usa,Bryan_Goewey,Bryan Goewey,Primetime Vans,,Oldsmobile,105,650,cylinder,0,46
1994,E,1994_Auto_Palace_Slick_50_150,1994_11_E,40,39,30,usa,Dennis_Doyle,Dennis Doyle,Richards Corporation,,Oldsmobile,87,650,rear axle,0,43
1994,E,1994_Auto_Palace_Slick_50_150,1994_11_E,41,40,95,usa,Brian_Donley,Brian Donley,Joppa RV Center,,Chevrolet,81,650,electrical,0,40
1994,E,1994_Auto_Palace_Slick_50_150,1994_11_E,42,23,94,usa,Steve_Hoddick,Steve Hoddick,Equity Pace,,Ford,41,1150,crash,0,37
1994,E,1994_Auto_Palace_Slick_50_150,1994_11_E,43,43,86,usa,Anthony_Rainone,Anthony Rainone,Shirt Works,,Pontiac,41,650,crash,0,34
1994,E,1994_Auto_Palace_Slick_50_150,1994_11_E,44,42,69,usa,Jeff_Spraker,Jeff Spraker,WFE Challenge,,Oldsmobile,37,1150,clutch,0,31
1994,E,1994_Irving_Oil_150,1994_12_E,1,2,34,usa,Glenn_Sullivan,Glenn Sullivan,Christy's Markets,,Chevrolet,150,7850,running,147,180
1994,E,1994_Irving_Oil_150,1994_12_E,2,5,47,usa,Kelly_Moore,Kelly Moore,Jordan Lumber,,Chevrolet,150,4200,running,0,170
1994,E,1994_Irving_Oil_150,1994_12_E,3,6,61,usa,Mike_Olsen,Mike Olsen,Olsen Racing,,Buick,150,2000,running,0,165
1994,E,1994_Irving_Oil_150,1994_12_E,4,4,09,usa,Tom_Rosati,Tom Rosati,Tic-Tac,,Oldsmobile,150,1650,running,3,160
1994,E,1994_Irving_Oil_150,1994_12_E,5,14,7,usa,Dale_Shaw,Dale Shaw,Skoal Racing / Cumberland Farms,,Pontiac,150,1900,running,0,155
1994,E,1994_Irving_Oil_150,1994_12_E,6,18,22,usa,Jeff_Barry,Jeff Barry,TAD Technical,,Chevrolet,150,1250,running,0,150
1994,E,1994_Irving_Oil_150,1994_12_E,7,3,71,usa,Bobby_Dragon,Bobby Dragon,Talarico Dealerships,,Chevrolet,150,1090,running,0,146
1994,E,1994_Irving_Oil_150,1994_12_E,8,25,9,usa,Pete_Rondeau,Pete Rondeau,Bessey Motorsports,,Pontiac,150,1250,running,0,142
1994,E,1994_Irving_Oil_150,1994_12_E,9,8,56,usa,Martin_Truex,Martin Truex,Blount Seafood,,Oldsmobile,149,970,running,0,138
1994,E,1994_Irving_Oil_150,1994_12_E,10,26,41,usa,Jamie_Aube,Jamie Aube,Budweiser,,Chevrolet,149,1175,running,0,134
1994,E,1994_Irving_Oil_150,1994_12_E,11,17,76,usa,Tom_Bolles,Tom Bolles,Bolles Motorsports,,Buick,149,880,running,0,130
1994,E,1994_Irving_Oil_150,1994_12_E,12,9,23,usa,Jerry_Marquis,Jerry Marquis,Temporary Environmental Technicians,,Buick,149,1335,running,0,127
1994,E,1994_Irving_Oil_150,1994_12_E,13,7,0,usa,Dick_McCabe,Dick McCabe,Fisher Snowplows,,Pontiac,148,990,running,0,124
1994,E,1994_Irving_Oil_150,1994_12_E,14,1,98,usa,Keith_Lamell,Keith Lamell,Lamell Lumber,,Buick,148,755,running,0,121
1994,E,1994_Irving_Oil_150,1994_12_E,15,22,94,usa,Steve_Hoddick,Steve Hoddick,Equity Pace,,Ford,148,795,running,0,118
1994,E,1994_Irving_Oil_150,1994_12_E,16,28,04,usa,Ken_Wallace_Jr,"Ken Wallace, Jr.",T.G.I. Friday's,,Chevrolet,148,700,running,0,115
1994,E,1994_Irving_Oil_150,1994_12_E,17,23,17,usa,Bob_Brunell,Bob Brunell,Brunell Asphalt,,Pontiac,148,655,running,0,112
1994,E,1994_Irving_Oil_150,1994_12_E,18,19,1,usa,John_Preston,John Preston,Wyalusing Hotel,,Oldsmobile,148,665,running,0,109
1994,E,1994_Irving_Oil_150,1994_12_E,19,24,5,usa,Barney_McRae,Barney McRae,Motion Racing,,Pontiac,147,410,running,0,106
1994,E,1994_Irving_Oil_150,1994_12_E,20,10,29,usa,Dave_Dion,Dave Dion,Berlin City Ford,,Ford,147,380,running,0,103
1994,E,1994_Irving_Oil_150,1994_12_E,21,21,69,usa,Jeff_Spraker,Jeff Spraker,WFE Challenge,,Oldsmobile,147,505,running,0,100
1994,E,1994_Irving_Oil_150,1994_12_E,22,12,25,usa,John_Swanson,John Swanson,New England Pontiac Dealers,,Pontiac,145,480,running,0,97
1994,E,1994_Irving_Oil_150,1994_12_E,23,27,38,usa,Babe_Branscombe,Babe Branscombe,The Racing Capital,,Chevrolet,144,440,running,0,94
1994,E,1994_Irving_Oil_150,1994_12_E,24,15,16,usa,Stub_Fadden,Stub Fadden,Team NAPA,,Buick,143,425,running,0,91
1994,E,1994_Irving_Oil_150,1994_12_E,25,11,6,usa,Robbie_Crouch,Robbie Crouch,Auto Palace,,Pontiac,135,400,suspension,0,88
1994,E,1994_Irving_Oil_150,1994_12_E,26,16,24,usa,Carleton_Robie,Carleton Robie,Robie Racing,,Pontiac,116,250,crash,0,85
1994,E,1994_Irving_Oil_150,1994_12_E,27,13,15,usa,Andy_Santerre,Andy Santerre,O'Connor GMC,,Chevrolet,107,400,running,0,82
1994,E,1994_Irving_Oil_150,1994_12_E,28,29,8,usa,Jeff_Zuidema,Jeff Zuidema,Ocean Spray,,Pontiac,57,250,oil pressure,0,79
1994,E,1994_Irving_Oil_150,1994_12_E,29,20,54,usa,GeGe_Gravel,GeGe Gravel,Downeast Drilling,,Oldsmobile,21,250,fuel pressure,0,76
1994,E,1994_Irving_Oil_150,1994_12_E,30,30,28,usa,Bill_Penfold,Bill Penfold,VIP Charter Tours,,Buick,1,250,suspension,0,73
1994,E,1994_Carquest_150,1994_13_E,1,1,98,usa,Keith_Lamell,Keith Lamell,Lamell Lumber,,Buick,164,7400,running,39,180
1994,E,1994_Carquest_150,1994_13_E,2,5,47,usa,Kelly_Moore,Kelly Moore,Jordan Lumber,,Chevrolet,164,3850,running,0,170
1994,E,1994_Carquest_150,1994_13_E,3,7,14,usa,Mike_Stefanik,Mike Stefanik,Auto Palace,,Chevrolet,164,2650,running,0,165
1994,E,1994_Carquest_150,1994_13_E,4,14,7,usa,Dale_Shaw,Dale Shaw,Skoal Racing / Cumberland Farms,,Pontiac,164,1950,running,0,160
1994,E,1994_Carquest_150,1994_13_E,5,2,15,usa,Andy_Santerre,Andy Santerre,Sugarloaf USA,,Chevrolet,164,1375,running,0,155
1994,E,1994_Carquest_150,1994_13_E,6,3,56,usa,Martin_Truex,Martin Truex,Blount Seafood,,Oldsmobile,164,1250,running,0,150
1994,E,1994_Carquest_150,1994_13_E,7,10,0,usa,Dick_McCabe,Dick McCabe,Fisher Snowplows,,Pontiac,164,1840,running,0,146
1994,E,1994_Carquest_150,1994_13_E,8,19,34,usa,Glenn_Sullivan,Glenn Sullivan,Christy's Markets,,Chevrolet,164,1270,running,0,142
1994,E,1994_Carquest_150,1994_13_E,9,9,76,usa,Tom_Bolles,Tom Bolles,Bolles Racing,,Buick,164,900,running,0,138
1994,E,1994_Carquest_150,1994_13_E,10,8,22,usa,Jeff_Barry,Jeff Barry,TAD Technical,,Chevrolet,164,830,running,0,134
1994,E,1994_Carquest_150,1994_13_E,11,13,38,usa,Babe_Branscombe,Babe Branscombe,Racing Capital,,Chevrolet,163,755,running,0,130
1994,E,1994_Carquest_150,1994_13_E,12,17,23,usa,Jerry_Marquis,Jerry Marquis,Temporary Environmental Technicians,,Buick,163,1205,running,0,127
1994,E,1994_Carquest_150,1994_13_E,13,11,41,usa,Jamie_Aube,Jamie Aube,Budweiser,,Chevrolet,162,685,running,0,124
1994,E,1994_Carquest_150,1994_13_E,14,16,1,usa,John_Preston,John Preston,Williams Auto Group,,Oldsmobile,161,670,running,0,121
1994,E,1994_Carquest_150,1994_13_E,15,20,3,usa,Randy_Snyder,Randy Snyder,Canal Country,,Chevrolet,161,445,running,0,118
1994,E,1994_Carquest_150,1994_13_E,16,21,6,usa,Robbie_Crouch,Robbie Crouch,Auto Palace,,Pontiac,160,645,running,0,115
1994,E,1994_Carquest_150,1994_13_E,17,15,71,usa,Bobby_Dragon,Bobby Dragon,Talarico Dealerships,,Chevrolet,159,675,running,0,112
1994,E,1994_Carquest_150,1994_13_E,18,29,17,usa,Bob_Brunell,Bob Brunell,Brunell Asphalt,,Pontiac,157,755,running,0,109
1994,E,1994_Carquest_150,1994_13_E,19,30,69,usa,Jeff_Spraker,Jeff Spraker,WFE Challenge,,Oldsmobile,154,685,running,0,106
1994,E,1994_Carquest_150,1994_13_E,20,12,13,usa,Ted_Christopher,Ted Christopher,Bumper to Bumper Auto Parts,,Oldsmobile,147,395,crash,0,103
1994,E,1994_Carquest_150,1994_13_E,21,6,97,usa,Joe_Bessey,Joe Bessey,Auto Palace,,Chevrolet,147,385,crash,0,100
1994,E,1994_Carquest_150,1994_13_E,22,22,16,usa,Stub_Fadden,Stub Fadden,Team NAPA,,Buick,146,545,crash,0,97
1994,E,1994_Carquest_150,1994_13_E,23,18,25,usa,John_Swanson,John Swanson,New England Pontiac Dealers,,Pontiac,146,525,crash,0,94
1994,E,1994_Carquest_150,1994_13_E,24,4,09,usa,Tom_Rosati,Tom Rosati,Tic-Tac,,Oldsmobile,141,805,engine,125,91
1994,E,1994_Carquest_150,1994_13_E,25,25,48,usa,Larry_Vassar,Larry Vassar,Tempest Motorsports,,Buick,131,345,panhard bar,0,88
1994,E,1994_Carquest_150,1994_13_E,26,24,99,usa,Steve_Nowakowski,Steve Nowakowski,Classic Auto,,Chevrolet,102,335,cylinder,0,85
1994,E,1994_Carquest_150,1994_13_E,27,27,8,usa,Jeff_Zuidema,Jeff Zuidema,Ocean Spray,,Pontiac,83,330,cylinder,0,82
1994,E,1994_Carquest_150,1994_13_E,28,28,04,usa,Ken_Wallace_Jr,"Ken Wallace, Jr.",T.G.I. Friday's,,Chevrolet,70,475,transmission,0,79
1994,E,1994_Carquest_150,1994_13_E,29,23,94,usa,Steve_Hoddick,Steve Hoddick,Equity Pace,,Ford,69,475,engine,0,76
1994,E,1994_Carquest_150,1994_13_E,30,26,24,usa,Carleton_Robie,Carleton Robie,Robie Racing,,Pontiac,36,325,oil leak,0,73
1994,E,1994_Auto_Palace_Twin_150s,1994_14_E,1,5,47,usa,Kelly_Moore,Kelly Moore,Jordan Lumber,,Chevrolet,150,8200,running,95,180
1994,E,1994_Auto_Palace_Twin_150s,1994_14_E,2,6,15,usa,Andy_Santerre,Andy Santerre,Sugarloaf USA,,Chevrolet,150,3950,running,0,170
1994,E,1994_Auto_Palace_Twin_150s,1994_14_E,3,10,7,usa,Dale_Shaw,Dale Shaw,Skoal Racing / Cumberland Farms,,Pontiac,150,3100,running,0,165
1994,E,1994_Auto_Palace_Twin_150s,1994_14_E,4,9,09,usa,Tom_Rosati,Tom Rosati,Tic-Tac,,Oldsmobile,150,1900,running,0,160
1994,E,1994_Auto_Palace_Twin_150s,1994_14_E,5,12,0,usa,Dick_McCabe,Dick McCabe,Fisher Snowplows,,Pontiac,150,2350,running,0,155
1994,E,1994_Auto_Palace_Twin_150s,1994_14_E,6,27,41,usa,Jamie_Aube,Jamie Aube,Budweiser,,Chevrolet,150,1640,running,0,150
1994,E,1994_Auto_Palace_Twin_150s,1994_14_E,7,13,76,usa,Tom_Bolles,Tom Bolles,Bolles Racing,,Buick,150,1430,running,0,146
1994,E,1994_Auto_Palace_Twin_150s,1994_14_E,8,1,51,usa,Jeff_Fuller,Jeff Fuller,Wheels Discount Auto,,Chevrolet,150,875,running,55,142
1994,E,1994_Auto_Palace_Twin_150s,1994_14_E,9,17,38,usa,Babe_Branscombe,Babe Branscombe,Racing Capital,,Chevrolet,149,1000,running,0,138
1994,E,1994_Auto_Palace_Twin_150s,1994_14_E,10,8,71,usa,Bobby_Dragon,Bobby Dragon,Talarico Dealerships,,Chevrolet,149,930,running,0,134
1994,E,1994_Auto_Palace_Twin_150s,1994_14_E,11,30,29,usa,Dave_Dion,Dave Dion,Berlin City Ford,,Ford,149,750,running,0,130
1994,E,1994_Auto_Palace_Twin_150s,1994_14_E,12,26,24,usa,Carleton_Robie,Carleton Robie,Robie Racing,,Pontiac,149,1075,running,0,127
1994,E,1994_Auto_Palace_Twin_150s,1994_14_E,13,24,25,usa,John_Swanson,John Swanson,New England Pontiac Dealers,,Pontiac,149,810,running,0,124
1994,E,1994_Auto_Palace_Twin_150s,1994_14_E,14,31,49,usa,Steve_Hoddick,Steve Hoddick,Equity Pace,,Ford,149,880,running,0,121
1994,E,1994_Auto_Palace_Twin_150s,1994_14_E,15,25,6,usa,Robbie_Crouch,Robbie Crouch,Auto Palace,,Pontiac,149,755,running,0,118
1994,E,1994_Auto_Palace_Twin_150s,1994_14_E,16,19,16,usa,Stub_Fadden,Stub Fadden,Team NAPA,,Buick,149,740,running,0,115
1994,E,1994_Auto_Palace_Twin_150s,1994_14_E,17,18,14,usa,Mike_Stefanik,Mike Stefanik,Auto Palace,,Chevrolet,149,500,running,0,112
1994,E,1994_Auto_Palace_Twin_150s,1994_14_E,18,29,3,usa,Randy_Snyder,Randy Snyder,Canal Country,,Chevrolet,146,495,running,0,109
1994,E,1994_Auto_Palace_Twin_150s,1994_14_E,19,28,27,usa,Paul_Spencer,Paul Spencer,Riverside Resaturant,,Chevrolet,146,490,running,0,106
1994,E,1994_Auto_Palace_Twin_150s,1994_14_E,20,21,54,usa,GeGe_Gravel,GeGe Gravel,Downeast Drilling,,Oldsmobile,146,475,running,0,103
1994,E,1994_Auto_Palace_Twin_150s,1994_14_E,21,20,99,usa,Steve_Nowakowski,Steve Nowakowski,Classic Auto,,Chevrolet,143,450,running,0,100
1994,E,1994_Auto_Palace_Twin_150s,1994_14_E,22,16,98,usa,Keith_Lamell,Keith Lamell,Lamell Lumber,,Buick,140,650,running,0,97
1994,E,1994_Auto_Palace_Twin_150s,1994_14_E,23,11,34,usa,Glenn_Sullivan,Glenn Sullivan,Christy's Markets,,Chevrolet,130,625,transmission,0,94
1994,E,1994_Auto_Palace_Twin_150s,1994_14_E,24,7,56,usa,Martin_Truex,Martin Truex,Blount Seafood,,Oldsmobile,129,600,running,0,91
1994,E,1994_Auto_Palace_Twin_150s,1994_14_E,25,14,23,usa,Jerry_Marquis,Jerry Marquis,Temporary Environmental Technicians,,Buick,128,580,running,0,88
1994,E,1994_Auto_Palace_Twin_150s,1994_14_E,26,4,97,usa,Joe_Bessey,Joe Bessey,Auto Palace,,Chevrolet,118,690,crash,0,85
1994,E,1994_Auto_Palace_Twin_150s,1994_14_E,27,15,8,usa,Jeff_Zuidema,Jeff Zuidema,Ocean Spray,,Pontiac,117,550,crash,0,82
1994,E,1994_Auto_Palace_Twin_150s,1994_14_E,28,3,22,usa,Jeff_Barry,Jeff Barry,TAD Technical,,Chevrolet,100,535,crash,0,79
1994,E,1994_Auto_Palace_Twin_150s,1994_14_E,29,2,1,usa,John_Preston,John Preston,Williams Auto Group,,Oldsmobile,31,525,balancer,0,76
1994,E,1994_Auto_Palace_Twin_150s,1994_14_E,30,22,48,usa,Larry_Vassar,Larry Vassar,Tempest Motorsports,,Buick,17,375,engine,0,73
1994,E,1994_Auto_Palace_Twin_150s,1994_14_E,31,23,17,usa,Bob_Brunell,Bob Brunell,Brunell Asphalt,,Pontiac,10,525,crash,0,70
1994,E,1994_Auto_Palace_Twin_150s,1994_14_E,32,32,69,usa,Jeff_Spraker,Jeff Spraker,WFE Challenge,,Oldsmobile,9,525,crash,0,67
1994,E,1994_Auto_Palace_150,1994_15_E,1,7,71,usa,Bobby_Dragon,Bobby Dragon,Talarico Dealerships,,Chevrolet,157,7300,running,29,180
1994,E,1994_Auto_Palace_150,1994_15_E,2,1,47,usa,Kelly_Moore,Kelly Moore,Jordan Lumber,,Chevrolet,157,3600,running,32,170
1994,E,1994_Auto_Palace_150,1994_15_E,3,10,6,usa,Robbie_Crouch,Robbie Crouch,Auto Palace,,Pontiac,157,2900,running,0,165
1994,E,1994_Auto_Palace_150,1994_15_E,4,5,0,usa,Dick_McCabe,Dick McCabe,Fisher Snowplows,,Pontiac,157,2475,running,0,160
1994,E,1994_Auto_Palace_150,1994_15_E,5,6,56,usa,Martin_Truex,Martin Truex,Blount Seafood,,Oldsmobile,157,2275,running,0,155
1994,E,1994_Auto_Palace_150,1994_15_E,6,19,98,usa,Keith_Lamell,Keith Lamell,Lamell Lumber,,Buick,157,1590,running,0,150
1994,E,1994_Auto_Palace_150,1994_15_E,7,8,29,usa,Dave_Dion,Dave Dion,Berlin City Ford,,Ford,157,1220,running,0,146
1994,E,1994_Auto_Palace_150,1994_15_E,8,17,7,usa,Dale_Shaw,Dale Shaw,Skoal Racing / Cumberland Farms,,Pontiac,157,1350,running,0,142
1994,E,1994_Auto_Palace_150,1994_15_E,9,12,14,usa,Mike_Stefanik,Mike Stefanik,Auto Palace,,Chevrolet,157,1080,running,0,138
1994,E,1994_Auto_Palace_150,1994_15_E,10,15,22,usa,Jeff_Barry,Jeff Barry,TAD Technical,,Chevrolet,157,1160,running,0,134
1994,E,1994_Auto_Palace_150,1994_15_E,11,2,15,usa,Andy_Santerre,Andy Santerre,Sugarloaf USA,,Chevrolet,157,915,running,0,130
1994,E,1994_Auto_Palace_150,1994_15_E,12,3,23,usa,Jerry_Marquis,Jerry Marquis,Temporary Environmental Technicians,,Buick,156,1355,running,96,127
1994,E,1994_Auto_Palace_150,1994_15_E,13,13,61,usa,Mike_Olsen,Mike Olsen,Olsen Racing,,Buick,156,795,running,0,124
1994,E,1994_Auto_Palace_150,1994_15_E,14,24,53,usa,Greg_Clark,Greg Clark,Chatham Fuel,,Chevrolet,156,835,running,0,121
1994,E,1994_Auto_Palace_150,1994_15_E,15,26,34,usa,Glenn_Sullivan,Glenn Sullivan,Christy's Markets,,Chevrolet,156,975,running,0,118
1994,E,1994_Auto_Palace_150,1994_15_E,16,20,69,usa,Jeff_Spraker,Jeff Spraker,WFE Challenge,,Oldsmobile,156,665,running,0,115
1994,E,1994_Auto_Palace_150,1994_15_E,17,21,16,usa,Stub_Fadden,Stub Fadden,Team NAPA,,Buick,155,630,running,0,112
1994,E,1994_Auto_Palace_150,1994_15_E,18,16,1,usa,John_Preston,John Preston,Williams Auto Group,,Oldsmobile,154,595,running,0,109
1994,E,1994_Auto_Palace_150,1994_15_E,19,22,17,usa,Bob_Brunell,Bob Brunell,Brunell Asphalt,,Pontiac,154,580,running,0,106
1994,E,1994_Auto_Palace_150,1994_15_E,20,18,76,usa,Tom_Bolles,Tom Bolles,Bolles Racing,,Buick,153,590,running,0,103
1994,E,1994_Auto_Palace_150,1994_15_E,21,25,19,usa,Steve_Hoddick,Steve Hoddick,Equity Pace,,Ford,150,560,running,0,100
1994,E,1994_Auto_Palace_150,1994_15_E,22,4,25,usa,John_Swanson,John Swanson,New England Pontiac Dealers,,Pontiac,149,555,running,0,97
1994,E,1994_Auto_Palace_150,1994_15_E,23,9,38,usa,Babe_Branscombe,Babe Branscombe,Racing Capital,,Chevrolet,140,400,running,0,94
1994,E,1994_Auto_Palace_150,1994_15_E,24,11,00,usa,Ed_Kennedy,Ed Kennedy,Solhem Racing,,Oldsmobile,75,400,suspension,0,91
1994,E,1994_Auto_Palace_150,1994_15_E,25,14,41,usa,Jamie_Aube,Jamie Aube,Budweiser,,Chevrolet,68,400,overheating,0,88
1994,E,1994_Auto_Palace_150,1994_15_E,26,23,24,usa,Carleton_Robie,Carleton Robie,Robie Racing,,Pontiac,42,400,overheating,0,85
1994,E,1994_GMC_Truck_150,1994_16_E,1,4,09,usa,Tom_Rosati,Tom Rosati,Tic-Tac,,Oldsmobile,150,8300,running,142,180
1994,E,1994_GMC_Truck_150,1994_16_E,2,5,54,usa,GeGe_Gravel,GeGe Gravel,Downeast Drilling,,Pontiac,150,4250,running,0,170
1994,E,1994_GMC_Truck_150,1994_16_E,3,2,16,usa,Stub_Fadden,Stub Fadden,NAPA Auto Parts,,Buick,150,2550,running,0,165
1994,E,1994_GMC_Truck_150,1994_16_E,4,8,71,usa,Bobby_Dragon,Bobby Dragon,Talarico Dealerships,,Chevrolet,150,1850,running,0,160
1994,E,1994_GMC_Truck_150,1994_16_E,5,7,15,usa,Andy_Santerre,Andy Santerre,O'Connor GMC / Sugarloaf USA,,Chevrolet,150,1700,running,0,155
1994,E,1994_GMC_Truck_150,1994_16_E,6,14,7,usa,Dale_Shaw,Dale Shaw,Skoal Racing / Cumberland Farms,,Pontiac,150,1800,running,0,150
1994,E,1994_GMC_Truck_150,1994_16_E,7,9,23,usa,Jerry_Marquis,Jerry Marquis,Temporary Environmental Technicians,,Buick,150,1715,running,0,146
1994,E,1994_GMC_Truck_150,1994_16_E,8,15,56,usa,Martin_Truex,Martin Truex,Blount Seafood,,Oldsmobile,150,1120,running,0,142
1994,E,1994_GMC_Truck_150,1994_16_E,9,16,61,usa,Mike_Olsen,Mike Olsen,Olsen Racing,,Buick,150,1000,running,0,138
1994,E,1994_GMC_Truck_150,1994_16_E,10,3,34,usa,Glenn_Sullivan,Glenn Sullivan,Christy's Markets,,Chevrolet,150,1030,running,7,134
1994,E,1994_GMC_Truck_150,1994_16_E,11,1,98,usa,Keith_Lamell,Keith Lamell,Lamell Lumber,,Buick,150,885,running,1,130
1994,E,1994_GMC_Truck_150,1994_16_E,12,24,76,usa,Tom_Bolles,Tom Bolles,Bolles Racing,,Buick,150,1090,running,0,127
1994,E,1994_GMC_Truck_150,1994_16_E,13,18,1,usa,John_Preston,John Preston,Williams Auto Group,,Oldsmobile,150,805,running,0,124
1994,E,1994_GMC_Truck_150,1994_16_E,14,11,6,usa,Robbie_Crouch,Robbie Crouch,Auto Palace / Valvoline,,Pontiac,150,970,running,0,121
1994,E,1994_GMC_Truck_150,1994_16_E,15,23,25,usa,John_Swanson,John Swanson,New England Pontiac Dealers,,Pontiac,149,910,running,0,118
1994,E,1994_GMC_Truck_150,1994_16_E,16,17,94,usa,Steve_Hoddick,Steve Hoddick,Equity Pace,,Ford,149,700,running,0,115
1994,E,1994_GMC_Truck_150,1994_16_E,17,10,0,usa,Dick_McCabe,Dick McCabe,Fisher Snowplows / R.H. Long,,Pontiac,148,1165,running,0,112
1994,E,1994_GMC_Truck_150,1994_16_E,18,19,38,usa,Babe_Branscombe,Babe Branscombe,Racing Capital / Central Auto Parts,,Chevrolet,148,630,running,0,109
1994,E,1994_GMC_Truck_150,1994_16_E,19,13,29,usa,Dave_Dion,Dave Dion,Berlin City Ford,,Ford,147,595,running,0,106
1994,E,1994_GMC_Truck_150,1994_16_E,20,6,47,usa,Kelly_Moore,Kelly Moore,Jordan Lumber / Pennzoil,,Chevrolet,144,585,running,0,103
1994,E,1994_GMC_Truck_150,1994_16_E,21,21,41,usa,Jamie_Aube,Jamie Aube,Budweiser,,Chevrolet,142,525,running,0,100
1994,E,1994_GMC_Truck_150,1994_16_E,22,25,17,usa,Bob_Brunell,Bob Brunell,Brunell Asphalt,,Pontiac,131,500,suspension,0,97
1994,E,1994_GMC_Truck_150,1994_16_E,23,26,69,usa,Jeff_Spraker,Jeff Spraker,WFE Challenge,,Oldsmobile,88,475,crash,0,94
1994,E,1994_GMC_Truck_150,1994_16_E,24,12,22,usa,Jeff_Barry,Jeff Barry,TAD Technical / WCLB,,Chevrolet,41,300,transmission,0,91
1994,E,1994_GMC_Truck_150,1994_16_E,25,20,24,usa,Carleton_Robie,Carleton Robie,Robie Racing,,Pontiac,25,300,overheating,0,88
1994,E,1994_GMC_Truck_150,1994_16_E,26,22,60,usa,Brad_Smales,Brad Smales,Dale Shaw Racing,,Pontiac,18,300,crash,0,85
1994,E,1994_Scranton_Pontiac-GMC_NAPA_100,1994_17_E,1,6,23,usa,Jerry_Marquis,Jerry Marquis,Temporary Environmental Technicians,,Buick,109,8950,running,39,180
1994,E,1994_Scranton_Pontiac-GMC_NAPA_100,1994_17_E,2,2,34,usa,Glenn_Sullivan,Glenn Sullivan,Christy's Markets,,Chevrolet,109,4380,running,3,170
1994,E,1994_Scranton_Pontiac-GMC_NAPA_100,1994_17_E,3,11,71,usa,Bobby_Dragon,Bobby Dragon,Talarico Dealerships,,Chevrolet,109,2825,running,0,165
1994,E,1994_Scranton_Pontiac-GMC_NAPA_100,1994_17_E,4,10,7,usa,Dale_Shaw,Dale Shaw,Skoal Racing / Cumberland Farms,,Pontiac,109,2475,running,0,160
1994,E,1994_Scranton_Pontiac-GMC_NAPA_100,1994_17_E,5,18,56,usa,Martin_Truex,Martin Truex,Blount Seafood,,Oldsmobile,109,2350,running,0,155
1994,E,1994_Scranton_Pontiac-GMC_NAPA_100,1994_17_E,6,15,38,usa,Babe_Branscombe,Babe Branscombe,Racing Capital / Central Auto Parts,,Chevrolet,109,1540,running,0,150
1994,E,1994_Scranton_Pontiac-GMC_NAPA_100,1994_17_E,7,14,14,usa,Mike_Stefanik,Mike Stefanik,Auto Palace / Sunoco Ultra,,Chevrolet,109,1420,running,0,146
1994,E,1994_Scranton_Pontiac-GMC_NAPA_100,1994_17_E,8,4,09,usa,Tom_Rosati,Tom Rosati,Tic-Tac,,Oldsmobile,109,2110,running,67,142
1994,E,1994_Scranton_Pontiac-GMC_NAPA_100,1994_17_E,9,24,33,usa,Mike_Olsen,Mike Olsen,Mitchell Racing,,Pontiac,109,1580,running,0,138
1994,E,1994_Scranton_Pontiac-GMC_NAPA_100,1994_17_E,10,19,25,usa,John_Swanson,John Swanson,New England Pontiac Dealers,,Pontiac,108,1260,running,0,134
1994,E,1994_Scranton_Pontiac-GMC_NAPA_100,1994_17_E,11,22,69,usa,Jeff_Spraker,Jeff Spraker,WFE Challenge,,Oldsmobile,108,940,running,0,130
1994,E,1994_Scranton_Pontiac-GMC_NAPA_100,1994_17_E,12,21,76,usa,Tom_Bolles,Tom Bolles,Bolles Racing,,Buick,108,680,running,0,127
1994,E,1994_Scranton_Pontiac-GMC_NAPA_100,1994_17_E,13,7,47,usa,Kelly_Moore,Kelly Moore,Jordan Lumber / Pennzoil,,Chevrolet,108,920,running,0,124
1994,E,1994_Scranton_Pontiac-GMC_NAPA_100,1994_17_E,14,17,00,usa,Ed_Kennedy,Ed Kennedy,Solhem Racing,,Oldsmobile,108,450,running,0,121
1994,E,1994_Scranton_Pontiac-GMC_NAPA_100,1994_17_E,15,16,1,usa,John_Preston,John Preston,Wyalusing Hotel / Universal Joint Sales,,Oldsmobile,107,760,running,0,118
1994,E,1994_Scranton_Pontiac-GMC_NAPA_100,1994_17_E,16,23,94,usa,Steve_Hoddick,Steve Hoddick,Equity Pace / Queen City Capital,,Ford,107,525,running,0,115
1994,E,1994_Scranton_Pontiac-GMC_NAPA_100,1994_17_E,17,9,41,usa,Jamie_Aube,Jamie Aube,Budweiser,,Chevrolet,106,690,running,0,112
1994,E,1994_Scranton_Pontiac-GMC_NAPA_100,1994_17_E,18,1,16,usa,Stub_Fadden,Stub Fadden,NAPA Auto Parts,,Buick,101,575,running,0,109
1994,E,1994_Scranton_Pontiac-GMC_NAPA_100,1994_17_E,19,20,29,usa,Dave_Dion,Dave Dion,Berlin City Ford / Continental Paving,,Ford,93,460,crash,0,106
1994,E,1994_Scranton_Pontiac-GMC_NAPA_100,1994_17_E,20,8,0,usa,Dick_McCabe,Dick McCabe,Fisher Snowplows / R.H. Long,,Pontiac,92,1270,crash,0,103
1994,E,1994_Scranton_Pontiac-GMC_NAPA_100,1994_17_E,21,25,04,usa,Ken_Wallace_Jr,"Ken Wallace, Jr.",T.G.I. Friday's,,Chevrolet,87,430,crash,0,100
1994,E,1994_Scranton_Pontiac-GMC_NAPA_100,1994_17_E,22,12,6,usa,Robbie_Crouch,Robbie Crouch,Auto Palace / Valvoline,,Pontiac,83,550,crash,0,97
1994,E,1994_Scranton_Pontiac-GMC_NAPA_100,1994_17_E,23,5,15,usa,Andy_Santerre,Andy Santerre,O'Connor GMC / Sugarloaf USA,,Chevrolet,83,425,running,0,94
1994,E,1994_Scranton_Pontiac-GMC_NAPA_100,1994_17_E,24,13,22,usa,Jeff_Barry,Jeff Barry,TAD Technical / WCLB,,Chevrolet,36,275,crash,0,91
1994,E,1994_Scranton_Pontiac-GMC_NAPA_100,1994_17_E,25,3,98,usa,Keith_Lamell,Keith Lamell,Lamell Lumber,,Buick,29,275,crash,0,88
1994,E,1994_Scranton_Pontiac-GMC_NAPA_100,1994_17_E,26,26,01,usa,Dave_Caruso,Dave Caruso,McFee & Newton / Bianchi Cash Reg.,,Pontiac,23,275,oil leak,0,85
1994,E,1994_Bud_200,1994_18_E,1,5,16,usa,Stub_Fadden,Stub Fadden,NAPA Auto Parts,,Buick,200,5475,running,55,180
1994,E,1994_Bud_200,1994_18_E,2,9,7,usa,Dale_Shaw,Dale Shaw,Skoal Racing / Cumberland Farms,,Pontiac,200,4750,running,0,170
1994,E,1994_Bud_200,1994_18_E,3,3,29,usa,Dave_Dion,Dave Dion,Berlin City Ford,,Ford,200,3000,running,24,165
1994,E,1994_Bud_200,1994_18_E,4,7,09,usa,Tom_Rosati,Tom Rosati,Tic-Tac,,Oldsmobile,200,1875,running,0,160
1994,E,1994_Bud_200,1994_18_E,5,8,0,usa,Dick_McCabe,Dick McCabe,Solhem Racing,,Oldsmobile,200,2350,running,0,155
1994,E,1994_Bud_200,1994_18_E,6,14,71,usa,Bobby_Dragon,Bobby Dragon,Talarico Dealerships,,Chevrolet,200,1540,running,0,150
1994,E,1994_Bud_200,1994_18_E,7,1,76,usa,Tom_Bolles,Tom Bolles,Bolles Racing,,Buick,200,1320,running,0,146
1994,E,1994_Bud_200,1994_18_E,8,11,47,usa,Kelly_Moore,Kelly Moore,Jordan Lumber / Pennzoil,,Chevrolet,200,1200,running,0,142
1994,E,1994_Bud_200,1994_18_E,9,15,15,usa,Andy_Santerre,Andy Santerre,O'Connor GMC / Sugarloaf USA,,Chevrolet,200,1080,running,0,138
1994,E,1994_Bud_200,1994_18_E,10,2,6,usa,Robbie_Crouch,Robbie Crouch,Auto Palace / Valvoline,,Pontiac,200,1510,running,121,134
1994,E,1994_Bud_200,1994_18_E,11,16,41,usa,Jamie_Aube,Jamie Aube,Budweiser,,Chevrolet,200,940,running,0,130
1994,E,1994_Bud_200,1994_18_E,12,22,38,usa,Babe_Branscombe,Babe Branscombe,Racing Capital / Central Auto Parts,,Chevrolet,200,1130,running,0,127
1994,E,1994_Bud_200,1994_18_E,13,19,23,usa,Jerry_Marquis,Jerry Marquis,Temporary Environmental Technicians,,Buick,200,1345,running,0,124
1994,E,1994_Bud_200,1994_18_E,14,12,34,usa,Glenn_Sullivan,Glenn Sullivan,Christy's Markets,,Chevrolet,199,810,running,0,121
1994,E,1994_Bud_200,1994_18_E,15,21,56,usa,Martin_Truex,Martin Truex,Blount Seafood,,Oldsmobile,199,850,running,0,118
1994,E,1994_Bud_200,1994_18_E,16,4,25,usa,John_Swanson,John Swanson,New England Pontiac Dealers,,Pontiac,199,1240,running,0,115
1994,E,1994_Bud_200,1994_18_E,17,6,61,usa,Mike_Olsen,Mike Olsen,Olsen Racing,,Buick,199,705,running,0,112
1994,E,1994_Bud_200,1994_18_E,18,28,28,usa,Bill_Penfold,Bill Penfold,VIP Charter Tours,,Buick,198,650,running,0,109
1994,E,1994_Bud_200,1994_18_E,19,18,54,usa,GeGe_Gravel,GeGe Gravel,Downeast Drilling,,Pontiac,198,475,running,0,106
1994,E,1994_Bud_200,1994_18_E,20,27,17,usa,Bob_Brunell,Bob Brunell,Brunell Asphalt,,Pontiac,197,645,running,0,103
1994,E,1994_Bud_200,1994_18_E,21,29,69,usa,Jeff_Spraker,Jeff Spraker,WFE Challenge,,Oldsmobile,197,585,running,0,100
1994,E,1994_Bud_200,1994_18_E,22,30,48,usa,Scott_Bachand,Scott Bachand,Circle-9 Campground,,Buick,197,400,running,0,97
1994,E,1994_Bud_200,1994_18_E,23,23,5,usa,Barney_McRae,Barney McRae,Baraslow Insurance,,Pontiac,195,390,running,0,94
1994,E,1994_Bud_200,1994_18_E,24,20,94,usa,Steve_Hoddick,Steve Hoddick,Equity Pace / Queen City Capital,,Ford,195,530,running,0,91
1994,E,1994_Bud_200,1994_18_E,25,25,92,usa,Mike_Gallo,Mike Gallo,Gallo Racing,,Pontiac,194,370,running,0,88
1994,E,1994_Bud_200,1994_18_E,26,32,9,usa,Russ_Galindo,Russ Galindo,L&M Larjo Construction,,Pontiac,184,360,running,0,85
1994,E,1994_Bud_200,1994_18_E,27,31,42,usa,Andy_Hillenburg,Andy Hillenburg,Fast Track Racing School,,Chevrolet,147,350,running,0,82
1994,E,1994_Bud_200,1994_18_E,28,13,22,usa,Jeff_Barry,Jeff Barry,TAD Technical / WCLB,,Chevrolet,141,500,transmission,0,79
1994,E,1994_Bud_200,1994_18_E,29,10,98,usa,Keith_Lamell,Keith Lamell,Lamell Lumber,,Buick,136,500,ignition,0,76
1994,E,1994_Bud_200,1994_18_E,30,17,60,usa,Bruce_Haley,Bruce Haley,R.D. Roy Transport,,Pontiac,129,350,engine,0,73
1994,E,1994_Bud_200,1994_18_E,31,24,77,usa,Chris_Aman,Chris Aman,Grappone,,Ford,127,350,rear end,0,70
1994,E,1994_Bud_200,1994_18_E,32,26,1,usa,John_Preston,John Preston,Wyalusing Hotel / Universal Joint Sales,,Oldsmobile,105,350,engine,0,67
1994,E,1994_NASCAR_Doubleheader_125,1994_19_E,1,24,97,usa,Joe_Bessey,Joe Bessey,Auto Palace / AC Delco,,Chevrolet,125,19315,running,60,180
1994,E,1994_NASCAR_Doubleheader_125,1994_19_E,2,11,0,usa,Dick_McCabe,Dick McCabe,Fisher Snowplows / R.H. Long,,Pontiac,125,12715,running,0,170
1994,E,1994_NASCAR_Doubleheader_125,1994_19_E,3,4,71,usa,Bobby_Dragon,Bobby Dragon,Talarico Dealerships,,Chevrolet,125,5815,running,0,165
1994,E,1994_NASCAR_Doubleheader_125,1994_19_E,4,5,15,usa,Andy_Santerre,Andy Santerre,O'Connor GMC / Sugarloaf USA,,Chevrolet,125,4365,running,0,160
1994,E,1994_NASCAR_Doubleheader_125,1994_19_E,5,22,14,usa,Mike_Stefanik,Mike Stefanik,Auto Palace / Sunoco,,Chevrolet,125,3515,running,0,155
1994,E,1994_NASCAR_Doubleheader_125,1994_19_E,6,13,47,usa,Kelly_Moore,Kelly Moore,Jordan Lumber / Pennzoil,,Chevrolet,125,2765,running,0,150
1994,E,1994_NASCAR_Doubleheader_125,1994_19_E,7,17,09,usa,Tom_Rosati,Tom Rosati,Tic-Tac,,Oldsmobile,125,2655,running,0,146
1994,E,1994_NASCAR_Doubleheader_125,1994_19_E,8,7,35,usa,Jimmy_Hensley,Jimmy Hensley,Cincinnati Milacron,,Ford,125,2265,running,0,142
1994,E,1994_NASCAR_Doubleheader_125,1994_19_E,9,42,27,usa,Paul_Spencer,Paul Spencer,Spencer Racing,,Chevrolet,125,2065,running,0,138
1994,E,1994_NASCAR_Doubleheader_125,1994_19_E,10,18,73,usa,Brian_Ross_(1),Brian Ross,Clifton Country Mall,,Chevrolet,125,2065,running,0,134
1994,E,1994_NASCAR_Doubleheader_125,1994_19_E,11,6,41,usa,Jamie_Aube,Jamie Aube,Budweiser,,Chevrolet,125,2085,running,0,130
1994,E,1994_NASCAR_Doubleheader_125,1994_19_E,12,1,56,usa,Martin_Truex,Martin Truex,Blount Seafood,,Chevrolet,125,2265,running,5,127
1994,E,1994_NASCAR_Doubleheader_125,1994_19_E,13,12,16,usa,Stub_Fadden,Stub Fadden,NAPA Auto Parts,,Buick,125,1845,running,0,124
1994,E,1994_NASCAR_Doubleheader_125,1994_19_E,14,15,94,usa,Steve_Hoddick,Steve Hoddick,Equity Pace / Queen City Capital,,Ford,125,1675,running,0,121
1994,E,1994_NASCAR_Doubleheader_125,1994_19_E,15,25,7,usa,Dale_Shaw,Dale Shaw,Skoal Racing / Cumberland Farms,,Pontiac,125,2030,running,0,118
1994,E,1994_NASCAR_Doubleheader_125,1994_19_E,16,3,6,usa,Robbie_Crouch,Robbie Crouch,Auto Palace / Valvoline,,Pontiac,125,1745,running,60,115
1994,E,1994_NASCAR_Doubleheader_125,1994_19_E,17,16,77,usa,Chris_Aman,Chris Aman,Grappone,,Ford,125,1265,running,0,112
1994,E,1994_NASCAR_Doubleheader_125,1994_19_E,18,19,00,usa,Ed_Kennedy,Ed Kennedy,Solhem Racing,,Oldsmobile,125,1215,running,0,109
1994,E,1994_NASCAR_Doubleheader_125,1994_19_E,19,26,31,canada,Rollie_MacDonald,Rollie MacDonald,King Freight Lines,,Oldsmobile,125,1665,running,0,106
1994,E,1994_NASCAR_Doubleheader_125,1994_19_E,20,37,76,usa,Tom_Bolles,Tom Bolles,Bolles Racing,,Chevrolet,125,1360,running,0,103
1994,E,1994_NASCAR_Doubleheader_125,1994_19_E,21,41,38,usa,Babe_Branscombe,Babe Branscombe,Racing Capital / Central Auto Parts,,Chevrolet,125,1375,running,0,100
1994,E,1994_NASCAR_Doubleheader_125,1994_19_E,22,28,99,usa,Steve_Nowakowski,Steve Nowakowski,Classic Auto,,Chevrolet,125,1015,running,0,97
1994,E,1994_NASCAR_Doubleheader_125,1994_19_E,23,45,3,usa,Randy_Snyder,Randy Snyder,Canal Country,,Chevrolet,125,1315,running,0,94
1994,E,1994_NASCAR_Doubleheader_125,1994_19_E,24,44,54,usa,GeGe_Gravel,GeGe Gravel,Downeast Drilling,,Pontiac,125,1105,running,0,91
1994,E,1994_NASCAR_Doubleheader_125,1994_19_E,25,27,8,usa,Tom_Carey_Jr,"Tom Carey, Jr.",Ocean Spray,,Pontiac,125,865,running,0,88
1994,E,1994_NASCAR_Doubleheader_125,1994_19_E,26,21,36,usa,Bobby_Gada,Bobby Gada,Gada Racing,,Pontiac,125,815,running,0,85
1994,E,1994_NASCAR_Doubleheader_125,1994_19_E,27,33,69,usa,Jeff_Spraker,Jeff Spraker,WFE Challenge,,Oldsmobile,125,945,running,0,82
1994,E,1994_NASCAR_Doubleheader_125,1994_19_E,28,2,51,usa,Mike_McLaughlin,Mike McLaughlin,Coors Racing,,Chevrolet,124,715,running,0,79
1994,E,1994_NASCAR_Doubleheader_125,1994_19_E,29,23,61,usa,Mike_Olsen,Mike Olsen,Olsen Racing,,Buick,124,815,running,0,76
1994,E,1994_NASCAR_Doubleheader_125,1994_19_E,30,35,29,usa,Dave_Dion,Dave Dion,Berlin City Ford / Continental Paving,,Ford,124,780,running,0,73
1994,E,1994_NASCAR_Doubleheader_125,1994_19_E,31,10,23,usa,Jerry_Marquis,Jerry Marquis,Temporary Environmental Technicians,,Buick,122,745,running,0,70
1994,E,1994_NASCAR_Doubleheader_125,1994_19_E,32,34,53,usa,Greg_Clark,Greg Clark,Hauser,,Chevrolet,122,720,running,0,67
1994,E,1994_NASCAR_Doubleheader_125,1994_19_E,33,46,2,usa,Andy_Hillenburg,Andy Hillenburg,Fast Track Driving School,,Chevrolet,121,520,running,0,64
1994,E,1994_NASCAR_Doubleheader_125,1994_19_E,34,39,17,usa,Bob_Brunell,Bob Brunell,Brunell Asphalt,,Pontiac,115,645,running,0,61
1994,E,1994_NASCAR_Doubleheader_125,1994_19_E,35,9,98,usa,Keith_Lamell,Keith Lamell,Lamell Lumber,,Chevrolet,113,495,transmission,0,58
1994,E,1994_NASCAR_Doubleheader_125,1994_19_E,36,30,13,usa,Ted_Christopher,Ted Christopher,Bumper to Bumper Auto Parts,,Oldsmobile,110,495,brakes,0,55
1994,E,1994_NASCAR_Doubleheader_125,1994_19_E,37,43,25,usa,John_Swanson,John Swanson,New England Pontiac Dealers,,Pontiac,100,495,rear end,0,52
1994,E,1994_NASCAR_Doubleheader_125,1994_19_E,38,14,63,usa,Curtis_Markham,Curtis Markham,Lysol,,Chevrolet,96,495,rocker arm,0,49
1994,E,1994_NASCAR_Doubleheader_125,1994_19_E,39,31,30,usa,Dennis_Doyle,Dennis Doyle,JRC Transportation / Richards Corp.,,Oldsmobile,95,495,oil leak,0,46
1994,E,1994_NASCAR_Doubleheader_125,1994_19_E,40,38,4,usa,Bryan_Goewey,Bryan Goewey,Goewey Racing,,Chevrolet,89,495,crash,0,43
1994,E,1994_NASCAR_Doubleheader_125,1994_19_E,41,8,34,usa,Glenn_Sullivan,Glenn Sullivan,Christy's Markets,,Chevrolet,88,495,clutch,0,40
1994,E,1994_NASCAR_Doubleheader_125,1994_19_E,42,36,60,usa,Bruce_Haley,Bruce Haley,R.D. Roy Transport,,Pontiac,87,495,crash,0,37
1994,E,1994_NASCAR_Doubleheader_125,1994_19_E,43,32,92,usa,Mike_Gallo,Mike Gallo,Gallo Racing,,Pontiac,84,495,crash,0,34
1994,E,1994_NASCAR_Doubleheader_125,1994_19_E,44,40,22,usa,Jeff_Barry,Jeff Barry,TAD Technical / WCLB,,Chevrolet,66,495,crash,0,31
1994,E,1994_NASCAR_Doubleheader_125,1994_19_E,45,20,1,usa,John_Preston,John Preston,Wyalusing Hotel / Universal Joint Sales,,Oldsmobile,41,495,wheel bearing,0,28
1994,E,1994_NASCAR_Doubleheader_125,1994_19_E,46,29,24,usa,Carleton_Robie,Carleton Robie,Moe's Auto Body,,Pontiac,31,495,crash,0,25
1994,E,1994_GMC_Trucks_200K,1994_20_E,1,2,91,usa,Butch_Leitzinger,Butch Leitzinger,Fastcolor Auto Art,,Ford,82,12200,running,67,180
1994,E,1994_GMC_Trucks_200K,1994_20_E,2,13,09,usa,Tom_Rosati,Tom Rosati,Tic-Tac,,Oldsmobile,82,6750,running,0,170
1994,E,1994_GMC_Trucks_200K,1994_20_E,3,5,15,usa,Andy_Santerre,Andy Santerre,O'Connor GMC / Sugarloaf USA,,Chevrolet,82,4950,running,3,165
1994,E,1994_GMC_Trucks_200K,1994_20_E,4,8,71,usa,Bobby_Dragon,Bobby Dragon,Talarico Dealerships,,Chevrolet,82,3550,running,11,160
1994,E,1994_GMC_Trucks_200K,1994_20_E,5,16,7,usa,Dale_Shaw,Dale Shaw,Skoal Racing / Cumberland Farms,,Pontiac,82,3575,running,0,155
1994,E,1994_GMC_Trucks_200K,1994_20_E,6,22,56,usa,Martin_Truex,Martin Truex,Blount Seafood,,Chevrolet,82,2400,running,0,150
1994,E,1994_GMC_Trucks_200K,1994_20_E,7,7,14,usa,Mike_Stefanik,Mike Stefanik,Auto Palace / Burnham Boilers,,Chevrolet,82,2100,running,0,146
1994,E,1994_GMC_Trucks_200K,1994_20_E,8,31,16,usa,Stub_Fadden,Stub Fadden,NAPA Auto Parts,,Buick,82,2000,running,0,142
1994,E,1994_GMC_Trucks_200K,1994_20_E,9,29,58,usa,Mark_Porcaro,Mark Porcaro,Pro Chevrolet,,Chevrolet,82,1650,running,0,138
1994,E,1994_GMC_Trucks_200K,1994_20_E,10,3,11,usa,Curtis_Markham,Curtis Markham,Skoal Racing,,Pontiac,82,1800,running,0,134
1994,E,1994_GMC_Trucks_200K,1994_20_E,11,30,41,usa,Jamie_Aube,Jamie Aube,Budweiser,,Pontiac,81,2100,running,0,130
1994,E,1994_GMC_Trucks_200K,1994_20_E,12,19,32,usa,Dale_Quarterley,Dale Quarterley,F.H. Peterson Machine Corp.,,Chevrolet,81,1200,running,0,127
1994,E,1994_GMC_Trucks_200K,1994_20_E,13,26,94,usa,Steve_Hoddick,Steve Hoddick,Equity Pace / Queen City Capital,,Ford,81,1650,running,0,124
1994,E,1994_GMC_Trucks_200K,1994_20_E,14,15,1,usa,John_Preston,John Preston,Wyalusing Hotel / Universal Joint Sales,,Oldsmobile,81,1600,running,0,121
1994,E,1994_GMC_Trucks_200K,1994_20_E,15,20,76,usa,Tom_Bolles,Tom Bolles,Bolles Racing,,Chevrolet,81,1675,running,0,118
1994,E,1994_GMC_Trucks_200K,1994_20_E,16,10,22,usa,Jeff_Barry,Jeff Barry,TAD Technical / WCLB,,Chevrolet,81,1500,running,0,115
1994,E,1994_GMC_Trucks_200K,1994_20_E,17,34,25,usa,John_Swanson,John Swanson,New England Pontiac Dealers,,Pontiac,80,1575,running,0,112
1994,E,1994_GMC_Trucks_200K,1994_20_E,18,35,69,usa,Jeff_Spraker,Jeff Spraker,WFE Challenge,,Oldsmobile,80,1450,running,0,109
1994,E,1994_GMC_Trucks_200K,1994_20_E,19,17,0,usa,Dick_McCabe,Dick McCabe,Fisher Snowplows / R.H. Long,,Pontiac,80,1925,running,0,106
1994,E,1994_GMC_Trucks_200K,1994_20_E,20,28,96,usa,Anthony_Rainone,Anthony Rainone,Automotive Services,,Pontiac,79,925,running,0,103
1994,E,1994_GMC_Trucks_200K,1994_20_E,21,36,17,usa,Bob_Brunell,Bob Brunell,Brunell Asphalt,,Pontiac,78,1375,running,0,100
1994,E,1994_GMC_Trucks_200K,1994_20_E,22,32,38,usa,Babe_Branscombe,Babe Branscombe,Racing Capital / Central Auto Parts,,Chevrolet,78,1350,running,0,97
1994,E,1994_GMC_Trucks_200K,1994_20_E,23,27,23,usa,Jerry_Marquis,Jerry Marquis,Temporary Environmental Technicians,,Chevrolet,77,1325,running,0,94
1994,E,1994_GMC_Trucks_200K,1994_20_E,24,33,34,usa,Glenn_Sullivan,Glenn Sullivan,Christy's Markets,,Chevrolet,77,1300,running,0,91
1994,E,1994_GMC_Trucks_200K,1994_20_E,25,9,53,usa,Greg_Clark,Greg Clark,Precision Specialty Metals,,Chevrolet,71,1275,running,0,88
1994,E,1994_GMC_Trucks_200K,1994_20_E,26,25,10,usa,R_J_Valentine,R.J. Valentine,MBA Group,,Pontiac,54,750,electrical,0,85
1994,E,1994_GMC_Trucks_200K,1994_20_E,27,23,49,usa,Ed_Ferree,Ed Ferree,Frankland Racing Supplies,,Chevrolet,52,725,crash,0,82
1994,E,1994_GMC_Trucks_200K,1994_20_E,28,12,6,usa,Robbie_Crouch,Robbie Crouch,Auto Palace / Valvoline,,Pontiac,52,1200,crash,0,79
1994,E,1994_GMC_Trucks_200K,1994_20_E,29,24,64,new_zealand,Rob_Wilson,Rob Wilson,Astratech Racing Tech.,,Chevrolet,46,675,transmission,0,76
1994,E,1994_GMC_Trucks_200K,1994_20_E,30,18,04,usa,Ken_Wallace_Jr,"Ken Wallace, Jr.",T.G.I. Friday's,,Chevrolet,34,1150,engine,0,73
1994,E,1994_GMC_Trucks_200K,1994_20_E,31,6,8,usa,Kim_Baker,Kim Baker,Ocean Spray,,Pontiac,34,650,valve,0,70
1994,E,1994_GMC_Trucks_200K,1994_20_E,32,4,36,usa,Bobby_Gada,Bobby Gada,Gada Racing,,Pontiac,26,650,valve,0,67
1994,E,1994_GMC_Trucks_200K,1994_20_E,33,21,88,usa,Brett_Roubinek,Brett Roubinek,Roubinek Racing,,Chevrolet,15,650,oil leak,0,64
1994,E,1994_GMC_Trucks_200K,1994_20_E,34,14,98,usa,Keith_Lamell,Keith Lamell,Lamell Lumber,,Buick,12,650,rear end,0,61
1994,E,1994_GMC_Trucks_200K,1994_20_E,35,11,18,usa,Scott_Deware,Scott Deware,Original Sports Saloon,,Pontiac,3,650,engine,0,58
1994,E,1994_GMC_Trucks_200K,1994_20_E,36,1,47,usa,Kelly_Moore,Kelly Moore,Jordan Lumber / Pennzoil,,Chevrolet,2,650,crash,1,55
